check,x,density
Neighbours within 0.1 s,0.4,5.743284138239845e-30
Neighbours within 0.1 s,0.401,1.6385654437913537e-29
Neighbours within 0.1 s,0.402,4.6384787400757906e-29
Neighbours within 0.1 s,0.403,1.302853664895167e-28
Neighbours within 0.1 s,0.404,3.6309811754855663e-28
Neighbours within 0.1 s,0.405,1.0040622649455654e-27
Neighbours within 0.1 s,0.406,2.7548983795809927e-27
Neighbours within 0.1 s,0.40700000000000003,7.499957656246477e-27
Neighbours within 0.1 s,0.40800000000000003,2.0259108440867024e-26
Neighbours within 0.1 s,0.40900000000000003,5.429878809229941e-26
Neighbours within 0.1 s,0.41000000000000003,1.444003460064298e-25
Neighbours within 0.1 s,0.41100000000000003,3.810260082777035e-25
Neighbours within 0.1 s,0.41200000000000003,9.97583593300924e-25
Neighbours within 0.1 s,0.41300000000000003,2.5915062745363495e-24
Neighbours within 0.1 s,0.41400000000000003,6.67980095070009e-24
Neighbours within 0.1 s,0.41500000000000004,1.7083744501890596e-23
Neighbours within 0.1 s,0.41600000000000004,4.3352176272029205e-23
Neighbours within 0.1 s,0.41700000000000004,1.0915585353059027e-22
Neighbours within 0.1 s,0.41800000000000004,2.7270396079763316e-22
Neighbours within 0.1 s,0.41900000000000004,6.759960393460601e-22
Neighbours within 0.1 s,0.42000000000000004,1.662666501368714e-21
Neighbours within 0.1 s,0.42100000000000004,4.057648587019162e-21
Neighbours within 0.1 s,0.42200000000000004,9.825439986679014e-21
Neighbours within 0.1 s,0.42300000000000004,2.360684085692485e-20
Neighbours within 0.1 s,0.42400000000000004,5.62771411067723e-20
Neighbours within 0.1 s,0.42500000000000004,1.331172912134189e-19
Neighbours within 0.1 s,0.42600000000000005,3.124245881815136e-19
Neighbours within 0.1 s,0.42700000000000005,7.275523205627988e-19
Neighbours within 0.1 s,0.42800000000000005,1.6810922433226676e-18
Neighbours within 0.1 s,0.42900000000000005,3.854137000276066e-18
Neighbours within 0.1 s,0.43000000000000005,8.767404456668945e-18
Neighbours within 0.1 s,0.43100000000000005,1.9788971604286724e-17
Neighbours within 0.1 s,0.43200000000000005,4.4318361804030705e-17
Neighbours within 0.1 s,0.43300000000000005,9.848100269696314e-17
Neighbours within 0.1 s,0.43400000000000005,2.1713484084866409e-16
Neighbours within 0.1 s,0.43500000000000005,4.75023239955178e-16
Neighbours within 0.1 s,0.43600000000000005,1.0311182891256023e-15
Neighbours within 0.1 s,0.437,2.2208049280446568e-15
Neighbours within 0.1 s,0.438,4.745922311205978e-15
Neighbours within 0.1 s,0.439,1.0063270039159568e-14
Neighbours within 0.1 s,0.44,2.117219662606067e-14
Neighbours within 0.1 s,0.441,4.419783541243323e-14
Neighbours within 0.1 s,0.442,9.154705370968124e-14
Neighbours within 0.1 s,0.443,1.8814645207599168e-13
Neighbours within 0.1 s,0.444,3.8366835875186474e-13
Neighbours within 0.1 s,0.445,7.762904174144161e-13
Neighbours within 0.1 s,0.446,1.5584782870902862e-12
Neighbours within 0.1 s,0.447,3.1044564840381884e-12
Neighbours within 0.1 s,0.448,6.1359058484755735e-12
Neighbours within 0.1 s,0.449,1.203317096883737e-11
Neighbours within 0.1 s,0.45,2.34147635941181e-11
Neighbours within 0.1 s,0.451,4.520721542949018e-11
Neighbours within 0.1 s,0.452,8.660321741217862e-11
Neighbours within 0.1 s,0.453,1.6461468920515568e-10
Neighbours within 0.1 s,0.454,3.1046413375165505e-10
Neighbours within 0.1 s,0.455,5.809818629875961e-10
Neighbours within 0.1 s,0.456,1.0787529685259296e-09
Neighbours within 0.1 s,0.457,1.9874203050750987e-09
Neighbours within 0.1 s,0.458,3.633002788547013e-09
Neighbours within 0.1 s,0.459,6.589463089194803e-09
Neighbours within 0.1 s,0.46,1.1858851148807593e-08
Neighbours within 0.1 s,0.461,2.1175978918315127e-08
Neighbours within 0.1 s,0.462,3.7519121748144315e-08
Neighbours within 0.1 s,0.463,6.595840142763285e-08
Neighbours within 0.1 s,0.464,1.1505244941172668e-07
Neighbours within 0.1 s,0.465,1.9912688791546918e-07
Neighbours within 0.1 s,0.466,3.419575788609358e-07
Neighbours within 0.1 s,0.467,5.826702581239056e-07
Neighbours within 0.1 s,0.468,9.851032622603115e-07
Neighbours within 0.1 s,0.46900000000000003,1.6525284836167886e-06
Neighbours within 0.1 s,0.47000000000000003,2.750581010130597e-06
Neighbours within 0.1 s,0.47100000000000003,4.542638910318577e-06
Neighbours within 0.1 s,0.47200000000000003,7.4438957555403434e-06
Neighbours within 0.1 s,0.47300000000000003,1.2103211945843945e-05
Neighbours within 0.1 s,0.47400000000000003,1.9525820125918607e-05
Neighbours within 0.1 s,0.47500000000000003,3.125548337263468e-05
Neighbours within 0.1 s,0.47600000000000003,4.964224859682674e-05
Neighbours within 0.1 s,0.47700000000000004,7.82320949548891e-05
Neighbours within 0.1 s,0.47800000000000004,0.00012232825066707547
Neighbours within 0.1 s,0.47900000000000004,0.0001897915444915441
Neighbours within 0.1 s,0.48000000000000004,0.00029216974710923537
Neighbours within 0.1 s,0.48100000000000004,0.00044627434277635464
Neighbours within 0.1 s,0.48200000000000004,0.0006763583925892465
Neighbours within 0.1 s,0.48300000000000004,0.0010170917635916074
Neighbours within 0.1 s,0.48400000000000004,0.0015175803036524714
Neighbours within 0.1 s,0.48500000000000004,0.002246733262527153
Neighbours within 0.1 s,0.48600000000000004,0.0033003472609959544
Neighbours within 0.1 s,0.48700000000000004,0.004810343079568556
Neighbours within 0.1 s,0.488,0.006956659630075018
Neighbours within 0.1 s,0.489,0.009982371952470283
Neighbours within 0.1 s,0.49,0.01421264900510987
Neighbours within 0.1 s,0.491,0.020078192026428476
Neighbours within 0.1 s,0.492,0.028143782506321418
Neighbours within 0.1 s,0.493,0.03914250522172534
Neighbours within 0.1 s,0.494,0.0540160795580189
Neighbours within 0.1 s,0.495,0.07396151392025822
Neighbours within 0.1 s,0.496,0.10048397664062729
Neighbours within 0.1 s,0.497,0.13545533834713375
Neighbours within 0.1 s,0.498,0.1811772764260837
Neighbours within 0.1 s,0.499,0.24044714123374505
Neighbours within 0.1 s,0.5,0.3166239765132056
Neighbours within 0.1 s,0.501,0.4136911876491994
Neighbours within 0.1 s,0.502,0.5363114022598091
Neighbours within 0.1 s,0.503,0.6898681278277393
Neighbours within 0.1 s,0.504,0.8804879588009976
Neighbours within 0.1 s,0.505,1.1150364158610222
Neighbours within 0.1 s,0.506,1.4010801206890993
Neighbours within 0.1 s,0.507,1.7468080345878654
Neighbours within 0.1 s,0.508,2.1609050297730534
Neighbours within 0.1 s,0.509,2.6523722146024578
Neighbours within 0.1 s,0.51,3.2302902674109593
Neighbours within 0.1 s,0.511,3.9035245756008
Neighbours within 0.1 s,0.512,4.680374200559092
Neighbours within 0.1 s,0.513,5.568170503432204
Neighbours within 0.1 s,0.514,6.5728355092727595
Neighbours within 0.1 s,0.515,7.698414523501075
Neighbours within 0.1 s,0.516,8.946601846022133
Neighbours within 0.1 s,0.517,10.316282305534346
Neighbours within 0.1 s,0.518,11.803114382807738
Neighbours within 0.1 s,0.519,13.399182532342953
Neighbours within 0.1 s,0.52,15.092746609058674
Neighbours within 0.1 s,0.521,16.868114796556526
Neighbours within 0.1 s,0.522,18.70566296159111
Neighbours within 0.1 s,0.523,20.58201791074412
Neighbours within 0.1 s,0.524,22.470414745381337
Neighbours within 0.1 s,0.525,24.34122971319402
Neighbours within 0.1 s,0.526,26.162680112684857
Neighbours within 0.1 s,0.527,27.901672530517136
Neighbours within 0.1 s,0.528,29.52477068622314
Neighbours within 0.1 s,0.529,30.999245172358616
Neighbours within 0.1 s,0.53,32.29416013893511
Neighbours within 0.1 s,0.531,33.3814471215782
Neighbours within 0.1 s,0.532,34.23691424836625
Neighbours within 0.1 s,0.533,34.841140275709584
Neighbours within 0.1 s,0.534,35.18020735756614
Neighbours within 0.1 s,0.535,35.246233951182035
Neighbours within 0.1 s,0.536,35.03767936785705
Neighbours within 0.1 s,0.537,34.55940353591676
Neighbours within 0.1 s,0.538,33.82247873882341
Neighbours within 0.1 s,0.539,32.843763511957555
Neighbours within 0.1 s,0.54,31.64526159579292
Neighbours within 0.1 s,0.541,30.253299979448393
Neighbours within 0.1 s,0.542,28.697568887968533
Neighbours within 0.1 s,0.543,27.010072522451257
Neighbours within 0.1 s,0.544,25.22404214074461
Neighbours within 0.1 s,0.545,23.372862605988747
Neighbours within 0.1 s,0.546,21.48906001564745
Neighbours within 0.1 s,0.547,19.60339185950846
Neighbours within 0.1 s,0.548,17.74407292053652
Neighbours within 0.1 s,0.549,15.93616052269968
Neighbours within 0.1 s,0.55,14.20111249154227
Neighbours within 0.1 s,0.551,12.556521059596097
Neighbours within 0.1 s,0.552,11.016016581300162
Neighbours within 0.1 s,0.553,9.58932686396844
Neighbours within 0.1 s,0.554,8.282471564872685
Neighbours within 0.1 s,0.555,7.098066675735451
Neighbours within 0.1 s,0.556,6.0357116750906625
Neighbours within 0.1 s,0.557,5.09243138534018
Neighbours within 0.1 s,0.558,4.263145709329851
Neighbours within 0.1 s,0.559,3.541142933938486
Neighbours within 0.1 s,0.56,2.9185358140123783
Neighbours within 0.1 s,0.561,2.3866838091698166
Neighbours within 0.1 s,0.562,1.9365692728355925
Neighbours within 0.1 s,0.5630000000000001,1.5591197619360526
Neighbours within 0.1 s,0.5640000000000001,1.2454726804317695
Neighbours within 0.1 s,0.5650000000000001,0.9871819930521138
Neighbours within 0.1 s,0.5660000000000001,0.7763696221419812
Neighbours within 0.1 s,0.5670000000000001,0.6058263137921731
Neighbours within 0.1 s,0.5680000000000001,0.4690682324782903
Neighbours within 0.1 s,0.5690000000000001,0.3603563670902886
Neighbours within 0.1 s,0.5700000000000001,0.27468609050531806
Neighbours within 0.1 s,0.5710000000000001,0.20775401538175114
Neighbours within 0.1 s,0.5720000000000001,0.1559087445253332
Neighbours within 0.1 s,0.5730000000000001,0.11609133678860475
Neighbours within 0.1 s,0.5740000000000001,0.08577040083651134
Neighbours within 0.1 s,0.5750000000000001,0.0628757758601102
Neighbours within 0.1 s,0.5760000000000001,0.045733829077491434
Neighbours within 0.1 s,0.577,0.03300654461709328
Neighbours within 0.1 s,0.5780000000000001,0.023635829486460803
Neighbours within 0.1 s,0.579,0.016793836662794843
Neighbours within 0.1 s,0.5800000000000001,0.011839607125774303
Neighbours within 0.1 s,0.581,0.00828195655031612
Neighbours within 0.1 s,0.5820000000000001,0.005748266490243141
Neighbours within 0.1 s,0.583,0.003958668449761027
Neighbours within 0.1 s,0.5840000000000001,0.002705014862186789
Neighbours within 0.1 s,0.585,0.0018339963676677507
Neighbours within 0.1 s,0.5860000000000001,0.0012337738941070996
Neighbours within 0.1 s,0.587,0.0008235329341134438
Neighbours within 0.1 s,0.5880000000000001,0.0005454245184667736
Neighbours within 0.1 s,0.589,0.0003584236282144315
Neighbours within 0.1 s,0.5900000000000001,0.0002337044039926722
Neighbours within 0.1 s,0.591,0.0001511977926629698
Neighbours within 0.1 s,0.5920000000000001,9.705821395803973e-05
Neighbours within 0.1 s,0.593,6.181977633050953e-05
Neighbours within 0.1 s,0.5940000000000001,3.906887028717855e-05
Neighbours within 0.1 s,0.595,2.4498673351863472e-05
Neighbours within 0.1 s,0.5960000000000001,1.524272346746157e-05
Neighbours within 0.1 s,0.597,9.41002688376955e-06
Neighbours within 0.1 s,0.5980000000000001,5.7640461243570975e-06
Neighbours within 0.1 s,0.599,3.5032595975090446e-06
Neighbours within 0.1 s,0.6000000000000001,2.112639927192383e-06
Neighbours within 0.1 s,0.601,1.2641160226592675e-06
Neighbours within 0.1 s,0.6020000000000001,7.505103374636564e-07
Neighbours within 0.1 s,0.603,4.421144513594634e-07
Neighbours within 0.1 s,0.6040000000000001,2.5841697182474537e-07
Neighbours within 0.1 s,0.605,1.4987032358919073e-07
Neighbours within 0.1 s,0.6060000000000001,8.624194584839157e-08
Neighbours within 0.1 s,0.607,4.924132589152678e-08
Neighbours within 0.1 s,0.6080000000000001,2.7896467970299588e-08
Neighbours within 0.1 s,0.609,1.568111685140986e-08
Neighbours within 0.1 s,0.61,8.746072078250655e-09
Neighbours within 0.1 s,0.611,4.8401341971111755e-09
Neighbours within 0.1 s,0.612,2.6577250127810875e-09
Neighbours within 0.1 s,0.613,1.4480080432432565e-09
Neighbours within 0.1 s,0.614,7.827808537343798e-10
Neighbours within 0.1 s,0.615,4.1987276466118096e-10
Neighbours within 0.1 s,0.616,2.234619090819204e-10
Neighbours within 0.1 s,0.617,1.1800423519787962e-10
Neighbours within 0.1 s,0.618,6.183010359126804e-11
Neighbours within 0.1 s,0.619,3.21447937504375e-11
Neighbours within 0.1 s,0.62,1.6581720972202832e-11
Neighbours within 0.1 s,0.621,8.487051780763604e-12
Neighbours within 0.1 s,0.622,4.310150061675955e-12
Neighbours within 0.1 s,0.623,2.1718819673401857e-12
Neighbours within 0.1 s,0.624,1.0858962616352846e-12
Neighbours within 0.1 s,0.625,5.387021965154062e-13
Neighbours within 0.1 s,0.626,2.651657601277856e-13
Neighbours within 0.1 s,0.627,1.29507354662419e-13
Neighbours within 0.1 s,0.628,6.275953401208643e-14
Neighbours within 0.1 s,0.629,3.017680648838743e-14
Neighbours within 0.1 s,0.63,1.4397103784430986e-14
Neighbours within 0.1 s,0.631,6.815304786197453e-15
Neighbours within 0.1 s,0.632,3.201133008879873e-15
Neighbours within 0.1 s,0.633,1.4918681648710205e-15
Neighbours within 0.1 s,0.634,6.89867146898956e-16
Neighbours within 0.1 s,0.635,3.1652554835826977e-16
Neighbours within 0.1 s,0.636,1.4409880066643796e-16
Neighbours within 0.1 s,0.637,6.509089638437998e-17
Neighbours within 0.1 s,0.638,2.9173492811154013e-17
Neighbours within 0.1 s,0.639,1.2973731156338837e-17
Neighbours within 0.1 s,0.64,5.72465936351326e-18
Neighbours within 0.1 s,0.641,2.5063556393290543e-18
Neighbours within 0.1 s,0.642,1.088789767043144e-18
Neighbours within 0.1 s,0.643,4.693033513767758e-19
Neighbours within 0.1 s,0.644,2.007111829104393e-19
Neighbours within 0.1 s,0.645,8.5172182348421e-20
Neighbours within 0.1 s,0.646,3.586181532456313e-20
Neighbours within 0.1 s,0.647,1.4982181504930844e-20
Neighbours within 0.1 s,0.648,6.21049373913112e-21
Neighbours within 0.1 s,0.649,2.554379924391258e-21
Neighbours within 0.1 s,0.65,1.0424449891815727e-21
Neighbours within 0.1 s,0.651,4.221133520719078e-22
Neighbours within 0.1 s,0.652,1.695951089381358e-22
Neighbours within 0.1 s,0.653,6.760920768906429e-23
Neighbours within 0.1 s,0.654,2.674278664765822e-23
Neighbours within 0.1 s,0.655,1.0495805219100574e-23
Neighbours within 0.1 s,0.656,4.08726837743556e-24
Neighbours within 0.1 s,0.657,1.5792789172738648e-24
Neighbours within 0.1 s,0.658,6.054702518648119e-25
Neighbours within 0.1 s,0.659,2.3032181397387307e-25
Neighbours within 0.1 s,0.66,8.693319160697361e-26
Neighbours within 0.1 s,0.661,3.25570064929102e-26
Neighbours within 0.1 s,0.662,1.2097944777302415e-26
Neighbours within 0.1 s,0.663,4.4605356962623925e-27
Neighbours within 0.1 s,0.664,1.6318142845158605e-27
Neighbours within 0.1 s,0.665,5.923286395438821e-28
Neighbours within 0.1 s,0.666,2.133354471896512e-28
Neighbours within 0.1 s,0.667,7.623801906721891e-29
Neighbours within 0.1 s,0.668,2.703264080807566e-29
Neighbours within 0.1 s,0.669,9.510725215755884e-30
Neighbours within 0.1 s,0.67,3.320068807241017e-30
Neighbours within 0.1 s,0.671,1.1499761262659127e-30
Neighbours within 0.1 s,0.672,3.952199457735005e-31
Neighbours within 0.1 s,0.673,1.3477122437652533e-31
Neighbours within 0.1 s,0.674,4.5599888774853805e-32
Neighbours within 0.1 s,0.675,1.5308713050982983e-32
Neighbours within 0.1 s,0.676,5.0994327846670443e-33
Neighbours within 0.1 s,0.677,1.685440209544707e-33
Neighbours within 0.1 s,0.678,5.527301048779251e-34
Neighbours within 0.1 s,0.679,1.7985444597302713e-34
Neighbours within 0.1 s,0.68,5.806808800592984e-35
Neighbours within 0.1 s,0.681,1.8602108132247257e-35
Neighbours within 0.1 s,0.682,5.912825913043195e-36
Neighbours within 0.1 s,0.683,1.864817389792744e-36
Neighbours within 0.1 s,0.684,5.835604064067616e-37
Neighbours within 0.1 s,0.685,1.8119391783139002e-37
Neighbours within 0.1 s,0.686,5.582255404368807e-38
Neighbours within 0.1 s,0.687,1.7064127206495044e-38
Neighbours within 0.1 s,0.6880000000000001,5.1756720127982873e-39
Neighbours within 0.1 s,0.6890000000000001,1.5576063306319893e-39
Neighbours within 0.1 s,0.69,4.651113634707594e-40
Neighbours within 0.1 s,0.6910000000000001,1.378048448871864e-40
Neighbours within 0.1 s,0.692,4.0511685527458e-41
Neighbours within 0.1 s,0.6930000000000001,1.1816923630760798e-41
Neighbours within 0.1 s,0.694,3.42008448714943e-42
Neighbours within 0.1 s,0.6950000000000001,9.821493426962556e-43
Neighbours within 0.1 s,0.696,2.7985077619976233e-43
Neighbours within 0.1 s,0.6970000000000001,7.911954683159957e-44
Neighbours within 0.1 s,0.698,2.2194703939066016e-44
Neighbours within 0.1 s,0.6990000000000001,6.177648745835223e-45
Neighbours within 0.1 s,0.7,1.7061034293622498e-45
Neighbours within 0.1 s,0.7010000000000001,4.67515259367504e-46
Neighbours within 0.1 s,0.702,1.2711433064299598e-46
Neighbours within 0.1 s,0.7030000000000001,3.429268807113768e-47
Neighbours within 0.1 s,0.704,9.17945364701657e-48
Neighbours within 0.1 s,0.7050000000000001,2.4380377564549984e-48
Neighbours within 0.1 s,0.706,6.4249878490809514e-49
Neighbours within 0.1 s,0.7070000000000001,1.6800123881458629e-49
Neighbours within 0.1 s,0.708,4.3587398339532245e-50
Neighbours within 0.1 s,0.7090000000000001,1.122064185471428e-50
Neighbours within 0.1 s,0.71,2.866043274475713e-51
Neighbours within 0.1 s,0.7110000000000001,7.2636695153672e-52
Neighbours within 0.1 s,0.712,1.8265757976009584e-52
Neighbours within 0.1 s,0.7130000000000001,4.55750980100415e-53
Neighbours within 0.1 s,0.714,1.128303183510061e-53
Neighbours within 0.1 s,0.7150000000000001,2.7716111866614596e-54
Neighbours within 0.1 s,0.716,6.755338058999987e-55
Neighbours within 0.1 s,0.7170000000000001,1.633691912424889e-55
Neighbours within 0.1 s,0.718,3.9201394883547562e-56
Neighbours within 0.1 s,0.7190000000000001,9.333427791655509e-57
Neighbours within 0.1 s,0.72,2.2049010944121659e-57
Neighbours within 0.1 s,0.7210000000000001,5.168271785660978e-58
Neighbours within 0.1 s,0.722,1.2020149376397612e-58
Neighbours within 0.1 s,0.7230000000000001,2.773848103551444e-59
Neighbours within 0.1 s,0.724,6.35131680164961e-60
Neighbours within 0.1 s,0.7250000000000001,1.4429562578475147e-60
Neighbours within 0.1 s,0.726,3.25275120197501e-61
Neighbours within 0.1 s,0.7270000000000001,7.275398997426816e-62
Neighbours within 0.1 s,0.728,1.614622780421082e-62
Neighbours within 0.1 s,0.7290000000000001,3.555442218559703e-63
Neighbours within 0.1 s,0.73,7.768272728869186e-64
Neighbours within 0.1 s,0.7310000000000001,1.6840833941793407e-64
Neighbours within 0.1 s,0.732,3.6225218400627554e-65
Neighbours within 0.1 s,0.7330000000000001,7.731552714164516e-66
Neighbours within 0.1 s,0.734,1.637309266929989e-66
Neighbours within 0.1 s,0.7350000000000001,3.440353018381255e-67
Neighbours within 0.1 s,0.736,7.1727151909702085e-68
Neighbours within 0.1 s,0.7370000000000001,1.483790050392673e-68
Neighbours within 0.1 s,0.738,3.045577199125891e-69
Neighbours within 0.1 s,0.7390000000000001,6.20261835708481e-70
Neighbours within 0.1 s,0.74,1.253397423579809e-70
Neighbours within 0.1 s,0.7410000000000001,2.513106103844557e-71
Neighbours within 0.1 s,0.742,4.999667722587567e-72
Neighbours within 0.1 s,0.7430000000000001,9.869149983687029e-73
Neighbours within 0.1 s,0.744,1.9329768192036217e-73
Neighbours within 0.1 s,0.7450000000000001,3.756486500564623e-74
Neighbours within 0.1 s,0.746,7.243447369488501e-75
Neighbours within 0.1 s,0.7470000000000001,1.3858527091397808e-75
Neighbours within 0.1 s,0.748,2.6308563246778126e-76
Neighbours within 0.1 s,0.7490000000000001,4.955477140503787e-77
Neighbours within 0.1 s,0.75,9.261516670576112e-78
Penalty-flipped pairs,0.4,0.0008715178557982784
Penalty-flipped pairs,0.401,0.0009543075788494081
Penalty-flipped pairs,0.402,0.001044491040386531
Penalty-flipped pairs,0.403,0.0011426818458684705
Penalty-flipped pairs,0.404,0.0012495401029065144
Penalty-flipped pairs,0.405,0.0013657755474475808
Penalty-flipped pairs,0.406,0.001492150846063019
Penalty-flipped pairs,0.40700000000000003,0.0016294850814708114
Penalty-flipped pairs,0.40800000000000003,0.0017786574284796028
Penalty-flipped pairs,0.40900000000000003,0.0019406110275814847
Penalty-flipped pairs,0.41000000000000003,0.002116357063436095
Penalty-flipped pairs,0.41100000000000003,0.002306979055477491
Penalty-flipped pairs,0.41200000000000003,0.0025136373678368313
Penalty-flipped pairs,0.41300000000000003,0.0027375739457040113
Penalty-flipped pairs,0.41400000000000003,0.002980117285149223
Penalty-flipped pairs,0.41500000000000004,0.003242687643286706
Penalty-flipped pairs,0.41600000000000004,0.0035268024954869513
Penalty-flipped pairs,0.41700000000000004,0.0038340822461256693
Penalty-flipped pairs,0.41800000000000004,0.004166256199097104
Penalty-flipped pairs,0.41900000000000004,0.004525168794011487
Penalty-flipped pairs,0.42000000000000004,0.004912786113639792
Penalty-flipped pairs,0.42100000000000004,0.005331202667760272
Penalty-flipped pairs,0.42200000000000004,0.005782648458097768
Penalty-flipped pairs,0.42300000000000004,0.006269496328525718
Penalty-flipped pairs,0.42400000000000004,0.00679426960411965
Penalty-flipped pairs,0.42500000000000004,0.00735965002200656
Penalty-flipped pairs,0.42600000000000005,0.00796848595624485
Penalty-flipped pairs,0.42700000000000005,0.008623800938191503
Penalty-flipped pairs,0.42800000000000005,0.009328802472964602
Penalty-flipped pairs,0.42900000000000005,0.010086891151688036
Penalty-flipped pairs,0.43000000000000005,0.010901670058208614
Penalty-flipped pairs,0.43100000000000005,0.011776954467902638
Penalty-flipped pairs,0.43200000000000005,0.01271678183503657
Penalty-flipped pairs,0.43300000000000005,0.013725422063913903
Penalty-flipped pairs,0.43400000000000005,0.014807388057726216
Penalty-flipped pairs,0.43500000000000005,0.015967446537629278
Penalty-flipped pairs,0.43600000000000005,0.01721062912308484
Penalty-flipped pairs,0.437,0.018542243662944456
Penalty-flipped pairs,0.438,0.019967885805103988
Penalty-flipped pairs,0.439,0.021493450790824497
Penalty-flipped pairs,0.44,0.02312514545800326
Penalty-flipped pairs,0.441,0.024869500435780335
Penalty-flipped pairs,0.442,0.02673338251089191
Penalty-flipped pairs,0.443,0.028724007144127633
Penalty-flipped pairs,0.444,0.030848951113120852
Penalty-flipped pairs,0.445,0.03311616525550121
Penalty-flipped pairs,0.446,0.035533987284170676
Penalty-flipped pairs,0.447,0.03811115464413316
Penalty-flipped pairs,0.448,0.04085681737791914
Penalty-flipped pairs,0.449,0.043780550964204204
Penalty-flipped pairs,0.45,0.0468923690917335
Penalty-flipped pairs,0.451,0.05020273632813581
Penalty-flipped pairs,0.452,0.05372258064065541
Penalty-flipped pairs,0.453,0.05746330572324678
Penalty-flipped pairs,0.454,0.06143680308188506
Penalty-flipped pairs,0.455,0.06565546382734622
Penalty-flipped pairs,0.456,0.07013219012212188
Penalty-flipped pairs,0.457,0.07488040622556001
Penalty-flipped pairs,0.458,0.07991406907878293
Penalty-flipped pairs,0.459,0.08524767836843522
Penalty-flipped pairs,0.46,0.09089628600587212
Penalty-flipped pairs,0.461,0.09687550495602976
Penalty-flipped pairs,0.462,0.10320151734793273
Penalty-flipped pairs,0.463,0.10989108179661009
Penalty-flipped pairs,0.464,0.11696153986412304
Penalty-flipped pairs,0.465,0.12443082158547583
Penalty-flipped pairs,0.466,0.13231744998339054
Penalty-flipped pairs,0.467,0.14064054449431643
Penalty-flipped pairs,0.468,0.14941982322660569
Penalty-flipped pairs,0.46900000000000003,0.1586756039705573
Penalty-flipped pairs,0.47000000000000003,0.1684288038790247
Penalty-flipped pairs,0.47100000000000003,0.17870093773650633
Penalty-flipped pairs,0.47200000000000003,0.18951411473412533
Penalty-flipped pairs,0.47300000000000003,0.20089103366766475
Penalty-flipped pairs,0.47400000000000003,0.2128549764758765
Penalty-flipped pairs,0.47500000000000003,0.22542980003664656
Penalty-flipped pairs,0.47600000000000003,0.2386399261392878
Penalty-flipped pairs,0.47700000000000004,0.25251032955227104
Penalty-flipped pairs,0.47800000000000004,0.2670665241070977
Penalty-flipped pairs,0.47900000000000004,0.2823345467207936
Penalty-flipped pairs,0.48000000000000004,0.2983409392816672
Penalty-flipped pairs,0.48100000000000004,0.315112728325545
Penalty-flipped pairs,0.48200000000000004,0.3326774024326838
Penalty-flipped pairs,0.48300000000000004,0.3510628872789791
Penalty-flipped pairs,0.48400000000000004,0.3702975182789418
Penalty-flipped pairs,0.48500000000000004,0.3904100107622239
Penalty-flipped pairs,0.48600000000000004,0.41142942763023016
Penalty-flipped pairs,0.48700000000000004,0.4333851444445783
Penalty-flipped pairs,0.488,0.4563068119048511
Penalty-flipped pairs,0.489,0.48022431567924834
Penalty-flipped pairs,0.49,0.5051677335583298
Penalty-flipped pairs,0.491,0.5311672899091793
Penalty-flipped pairs,0.492,0.5582533074148005
Penalty-flipped pairs,0.493,0.5864561560915811
Penalty-flipped pairs,0.494,0.6158061995860796
Penalty-flipped pairs,0.495,0.6463337387612592
Penalty-flipped pairs,0.496,0.6780689525915565
Penalty-flipped pairs,0.497,0.7110418363958548
Penalty-flipped pairs,0.498,0.7452821374474771
Penalty-flipped pairs,0.499,0.7808192880107162
Penalty-flipped pairs,0.5,0.8176823358641463
Penalty-flipped pairs,0.501,0.8558998723819979
Penalty-flipped pairs,0.502,0.8954999582561652
Penalty-flipped pairs,0.503,0.9365100469529531
Penalty-flipped pairs,0.504,0.9789569060103999
Penalty-flipped pairs,0.505,1.022866536293891
Penalty-flipped pairs,0.506,1.068264089339792
Penalty-flipped pairs,0.507,1.1151737829288895
Penalty-flipped pairs,0.508,1.163618815043543
Penalty-flipped pairs,0.509,1.2136212763745062
Penalty-flipped pairs,0.51,1.2652020615553936
Penalty-flipped pairs,0.511,1.3183807793146185
Penalty-flipped pairs,0.512,1.3731756617463353
Penalty-flipped pairs,0.513,1.4296034729133469
Penalty-flipped pairs,0.514,1.4876794170061025
Penalty-flipped pairs,0.515,1.5474170462926968
Penalty-flipped pairs,0.516,1.6088281691051587
Penalty-flipped pairs,0.517,1.6719227581172311
Penalty-flipped pairs,0.518,1.7367088591781947
Penalty-flipped pairs,0.519,1.8031925009760712
Penalty-flipped pairs,0.52,1.8713776058116556
Penalty-flipped pairs,0.521,1.9412659017722074
Penalty-flipped pairs,0.522,2.012856836600289
Penalty-flipped pairs,0.523,2.0861474935589963
Penalty-flipped pairs,0.524,2.1611325095997542
Penalty-flipped pairs,0.525,2.2378039961428104
Penalty-flipped pairs,0.526,2.316151462783533
Penalty-flipped pairs,0.527,2.396161744239541
Penalty-flipped pairs,0.528,2.4778189308545766
Penalty-flipped pairs,0.529,2.5611043029746923
Penalty-flipped pairs,0.53,2.64599626951094
Penalty-flipped pairs,0.531,2.73247031100005
Penalty-flipped pairs,0.532,2.8204989274707315
Penalty-flipped pairs,0.533,2.910051591418083
Penalty-flipped pairs,0.534,3.0010947061821898
Penalty-flipped pairs,0.535,3.0935915700192465
Penalty-flipped pairs,0.536,3.1875023461445853
Penalty-flipped pairs,0.537,3.282784039016598
Penalty-flipped pairs,0.538,3.379390477118965
Penalty-flipped pairs,0.539,3.477272302485645
Penalty-flipped pairs,0.54,3.576376967198872
Penalty-flipped pairs,0.541,3.6766487370749146
Penalty-flipped pairs,0.542,3.778028702735646
Penalty-flipped pairs,0.543,3.8804547982460056
Penalty-flipped pairs,0.544,3.9838618274783815
Penalty-flipped pairs,0.545,4.088181498344659
Penalty-flipped pairs,0.546,4.193342465015442
Penalty-flipped pairs,0.547,4.299270378223583
Penalty-flipped pairs,0.548,4.405887943725971
Penalty-flipped pairs,0.549,4.513114988973294
Penalty-flipped pairs,0.55,4.6208685380126555
Penalty-flipped pairs,0.551,4.72906289462216
Penalty-flipped pairs,0.552,4.8376097336504
Penalty-flipped pairs,0.553,4.946418200506808
Penalty-flipped pairs,0.554,5.0553950187217
Penalty-flipped pairs,0.555,5.164444605467098
Penalty-flipped pairs,0.556,5.273469194901631
Penalty-flipped pairs,0.557,5.382368969174795
Penalty-flipped pairs,0.558,5.4910421968978715
Penalty-flipped pairs,0.559,5.599385378860866
Penalty-flipped pairs,0.56,5.707293400747183
Penalty-flipped pairs,0.561,5.814659692570343
Penalty-flipped pairs,0.562,5.921376394530192
Penalty-flipped pairs,0.5630000000000001,6.027334528959673
Penalty-flipped pairs,0.5640000000000001,6.132424178007605
Penalty-flipped pairs,0.5650000000000001,6.23653466667808
Penalty-flipped pairs,0.5660000000000001,6.3395547508231305
Penalty-flipped pairs,0.5670000000000001,6.441372809662517
Penalty-flipped pairs,0.5680000000000001,6.5418770423826595
Penalty-flipped pairs,0.5690000000000001,6.640955668346365
Penalty-flipped pairs,0.5700000000000001,6.7384971304258094
Penalty-flipped pairs,0.5710000000000001,6.834390300953677
Penalty-flipped pairs,0.5720000000000001,6.928524689771189
Penalty-flipped pairs,0.5730000000000001,7.020790653837397
Penalty-flipped pairs,0.5740000000000001,7.111079607851366
Penalty-flipped pairs,0.5750000000000001,7.19928423532799
Penalty-flipped pairs,0.5760000000000001,7.285298699559194
Penalty-flipped pairs,0.577,7.369018853885167
Penalty-flipped pairs,0.5780000000000001,7.450342450695258
Penalty-flipped pairs,0.579,7.529169348574927
Penalty-flipped pairs,0.5800000000000001,7.605401717014683
Penalty-flipped pairs,0.581,7.678944238097276
Penalty-flipped pairs,0.5820000000000001,7.749704304583697
Penalty-flipped pairs,0.583,7.817592213822894
Penalty-flipped pairs,0.5840000000000001,7.8825213569186845
Penalty-flipped pairs,0.585,7.9444084025960455
Penalty-flipped pairs,0.5860000000000001,8.00317347522167
Penalty-flipped pairs,0.587,8.058740326446646
Penalty-flipped pairs,0.5880000000000001,8.111036499955858
Penalty-flipped pairs,0.589,8.159993488825805
Penalty-flipped pairs,0.5900000000000001,8.20554688501309
Penalty-flipped pairs,0.591,8.247636520516828
Penalty-flipped pairs,0.5920000000000001,8.286206599782336
Penalty-flipped pairs,0.593,8.32120582293808
Penalty-flipped pairs,0.5940000000000001,8.352587499485177
Penalty-flipped pairs,0.595,8.380309652086538
Penalty-flipped pairs,0.5960000000000001,8.404335110133005
Penalty-flipped pairs,0.597,8.424631592794269
Penalty-flipped pairs,0.5980000000000001,8.441171781295106
Penalty-flipped pairs,0.599,8.45393338019018
Penalty-flipped pairs,0.6000000000000001,8.462899167445208
Penalty-flipped pairs,0.601,8.46805703316688
Penalty-flipped pairs,0.6020000000000001,8.46940000685973
Penalty-flipped pairs,0.603,8.466926273123997
Penalty-flipped pairs,0.6040000000000001,8.460639175745039
Penalty-flipped pairs,0.605,8.45054721016138
Penalty-flipped pairs,0.6060000000000001,8.436664004335157
Penalty-flipped pairs,0.607,8.419008288085248
Penalty-flipped pairs,0.6080000000000001,8.39760385097968
Penalty-flipped pairs,0.609,8.372479488919854
Penalty-flipped pairs,0.61,8.343668939584417
Penalty-flipped pairs,0.611,8.311210806935431
Penalty-flipped pairs,0.612,8.275148475023254
Penalty-flipped pairs,0.613,8.235530011359536
Penalty-flipped pairs,0.614,8.192408060159583
Penalty-flipped pairs,0.615,8.145839725785933
Penalty-flipped pairs,0.616,8.095886446754372
Penalty-flipped pairs,0.617,8.042613860691405
Penalty-flipped pairs,0.618,7.986091660658615
Penalty-flipped pairs,0.619,7.926393443283953
Penalty-flipped pairs,0.62,7.863596549163014
Penalty-flipped pairs,0.621,7.797781896014474
Penalty-flipped pairs,0.622,7.7290338050930885
Penalty-flipped pairs,0.623,7.657439821381024
Penalty-flipped pairs,0.624,7.583090528093515
Penalty-flipped pairs,0.625,7.506079356048148
Penalty-flipped pairs,0.626,7.426502388458176
Penalty-flipped pairs,0.627,7.344458161719376
Penalty-flipped pairs,0.628,7.260047462766808
Penalty-flipped pairs,0.629,7.173373123582669
Penalty-flipped pairs,0.63,7.084539813439052
Penalty-flipped pairs,0.631,6.9936538294599435
Penalty-flipped pairs,0.632,6.900822886085242
Penalty-flipped pairs,0.633,6.806155904015887
Penalty-flipped pairs,0.634,6.709762799213587
Penalty-flipped pairs,0.635,6.611754272520894
Penalty-flipped pairs,0.636,6.512241600457887
Penalty-flipped pairs,0.637,6.4113364277402125
Penalty-flipped pairs,0.638,6.3091505620500525
Penalty-flipped pairs,0.639,6.205795771576655
Penalty-flipped pairs,0.64,6.101383585826479
Penalty-flipped pairs,0.641,5.9960251001849665
Penalty-flipped pairs,0.642,5.889830784692384
Penalty-flipped pairs,0.643,5.7829102974753654
Penalty-flipped pairs,0.644,5.675372303253672
Penalty-flipped pairs,0.645,5.567324297318525
Penalty-flipped pairs,0.646,5.458872435354615
Penalty-flipped pairs,0.647,5.3501213694528555
Penalty-flipped pairs,0.648,5.2411740906350355
Penalty-flipped pairs,0.649,5.132131778185036
Penalty-flipped pairs,0.65,5.023093656054214
Penalty-flipped pairs,0.651,4.9141568565810845
Penalty-flipped pairs,0.652,4.805416291737669
Penalty-flipped pairs,0.653,4.696964532086923
Penalty-flipped pairs,0.654,4.58889169360768
Penalty-flipped pairs,0.655,4.481285332515522
Penalty-flipped pairs,0.656,4.3742303481802605
Penalty-flipped pairs,0.657,4.2678088942131325
Penalty-flipped pairs,0.658,4.162100297769681
Penalty-flipped pairs,0.659,4.057180987087582
Penalty-flipped pairs,0.66,3.9531244272526025
Penalty-flipped pairs,0.661,3.8500010641603692
Penalty-flipped pairs,0.662,3.747878276616956
Penalty-flipped pairs,0.663,3.646820336497386
Penalty-flipped pairs,0.664,3.5468883768581807
Penalty-flipped pairs,0.665,3.4481403678780436
Penalty-flipped pairs,0.666,3.3506311004798093
Penalty-flipped pairs,0.667,3.2544121774668695
Penalty-flipped pairs,0.668,3.1595320119885453
Penalty-flipped pairs,0.669,3.0660358331312754
Penalty-flipped pairs,0.67,2.973965698416152
Penalty-flipped pairs,0.671,2.8833605129682076
Penalty-flipped pairs,0.672,2.794256055109025
Penalty-flipped pairs,0.673,2.70668500811171
Penalty-flipped pairs,0.674,2.620676997845985
Penalty-flipped pairs,0.675,2.536258636031274
Penalty-flipped pairs,0.676,2.453453568806984
Penalty-flipped pairs,0.677,2.3722825303218817
Penalty-flipped pairs,0.678,2.2927634010384232
Penalty-flipped pairs,0.679,2.21491127044313
Penalty-flipped pairs,0.68,2.138738503850589
Penalty-flipped pairs,0.681,2.064254812986372
Penalty-flipped pairs,0.682,1.9914673300330634
Penalty-flipped pairs,0.683,1.9203806848236475
Penalty-flipped pairs,0.684,1.8509970848676713
Penalty-flipped pairs,0.685,1.7833163978978661
Penalty-flipped pairs,0.686,1.717336236628153
Penalty-flipped pairs,0.687,1.6530520454182362
Penalty-flipped pairs,0.6880000000000001,1.5904571885451426
Penalty-flipped pairs,0.6890000000000001,1.5295430397881191
Penalty-flipped pairs,0.69,1.4702990730401668
Penalty-flipped pairs,0.6910000000000001,1.4127129536670517
Penalty-flipped pairs,0.692,1.3567706303431342
Penalty-flipped pairs,0.6930000000000001,1.3024564271019023
Penalty-flipped pairs,0.694,1.2497531353492644
Penalty-flipped pairs,0.6950000000000001,1.1986421055969336
Penalty-flipped pairs,0.696,1.1491033386845484
Penalty-flipped pairs,0.6970000000000001,1.101115576269297
Penalty-flipped pairs,0.698,1.0546563903738035
Penalty-flipped pairs,0.6990000000000001,1.0097022717938395
Penalty-flipped pairs,0.7,0.9662287171798787
Penalty-flipped pairs,0.7010000000000001,0.9242103146177156
Penalty-flipped pairs,0.702,0.8836208275461094
Penalty-flipped pairs,0.7030000000000001,0.8444332768607912
Penalty-flipped pairs,0.704,0.8066200210669622
Penalty-flipped pairs,0.7050000000000001,0.7701528343537986
Penalty-flipped pairs,0.706,0.7350029824770923
Penalty-flipped pairs,0.7070000000000001,0.7011412963473872
Penalty-flipped pairs,0.708,0.6685382432332296
Penalty-flipped pairs,0.7090000000000001,0.6371639955000669
Penalty-flipped pairs,0.71,0.6069884968170567
Penalty-flipped pairs,0.7110000000000001,0.5779815257745308
Penalty-flipped pairs,0.712,0.5501127568659189
Penalty-flipped pairs,0.7130000000000001,0.5233518187978373
Penalty-flipped pairs,0.714,0.4976683501023726
Penalty-flipped pairs,0.7150000000000001,0.47303205203476906
Penalty-flipped pairs,0.716,0.44941273874925275
Penalty-flipped pairs,0.7170000000000001,0.4267803847541026
Penalty-flipped pairs,0.718,0.4051051696557241
Penalty-flipped pairs,0.7190000000000001,0.3843575202090092
Penalty-flipped pairs,0.72,0.3645081496989873
Penalty-flipped pairs,0.7210000000000001,0.3455280946854138
Penalty-flipped pairs,0.722,0.3273887491487065
Penalty-flipped pairs,0.7230000000000001,0.31006189608138907
Penalty-flipped pairs,0.724,0.29351973657499786
Penalty-flipped pairs,0.7250000000000001,0.27773491645725423
Penalty-flipped pairs,0.726,0.26268055053915984
Penalty-flipped pairs,0.7270000000000001,0.24833024453561992
Penalty-flipped pairs,0.728,0.23465811472713968
Penalty-flipped pairs,0.7290000000000001,0.22163880543322445
Penalty-flipped pairs,0.73,0.20924750437116768
Penalty-flipped pairs,0.7310000000000001,0.19745995597617758
Penalty-flipped pairs,0.732,0.18625247276101614
Penalty-flipped pairs,0.7330000000000001,0.17560194479481353
Penalty-flipped pairs,0.734,0.16548584738217342
Penalty-flipped pairs,0.7350000000000001,0.15588224702446057
Penalty-flipped pairs,0.736,0.14676980574590148
Penalty-flipped pairs,0.7370000000000001,0.13812778386725863
Penalty-flipped pairs,0.738,0.12993604130993572
Penalty-flipped pairs,0.7390000000000001,0.1221750375129214
Penalty-flipped pairs,0.74,0.11482583004450678
Penalty-flipped pairs,0.7410000000000001,0.10787007198975145
Penalty-flipped pairs,0.742,0.10129000819370954
Penalty-flipped pairs,0.7430000000000001,0.09506847043902028
Penalty-flipped pairs,0.744,0.08918887163509202
Penalty-flipped pairs,0.7450000000000001,0.08363519909432912
Penalty-flipped pairs,0.746,0.07839200696912528
Penalty-flipped pairs,0.7470000000000001,0.07344440792127084
Penalty-flipped pairs,0.748,0.06877806409341397
Penalty-flipped pairs,0.7490000000000001,0.06437917744990895
Penalty-flipped pairs,0.75,0.06023447955215739
