race_id,year,round,date,circuit_id,is_sprint_grid,loss_base,loss_grid,gain,pole_driver,pole_won,pole_p_base,pole_margin_ms,qual_pole_won,dominant_season,circuit_name,country,latitude,longitude,circuit_type
821,2010,1,2010-03-14,bahrain,False,2.4504364378805725,2.566610997863644,-0.11617455998307147,sebastian-vettel,0,0.08637513389587934,141.0,0,False,Bahrain,bahrain,26.0325,50.510556,RACE
822,2010,2,2010-03-28,melbourne,False,2.979441743635636,3.2190457844276383,-0.23960404079200215,sebastian-vettel,0,0.10438978690297857,116.0,0,False,Melbourne,australia,-37.849722,144.968333,STREET
823,2010,3,2010-04-04,sepang,False,2.6303038060313226,2.485604555040222,0.14469925099110048,mark-webber,0,0.07091403028526047,1346.0,0,False,Sepang,malaysia,2.760556,101.7375,RACE
824,2010,4,2010-04-18,shanghai,False,2.586623979016745,3.4682707612175605,-0.8816467822008156,sebastian-vettel,0,0.09974372711223697,248.0,0,False,Shanghai,china,31.338889,121.219722,RACE
825,2010,5,2010-05-09,catalunya,False,2.3673628551826993,0.5644917320534184,1.8028711231292809,mark-webber,1,0.09372757383419772,106.0,1,False,Catalunya,spain,41.57,2.261111,RACE
826,2010,6,2010-05-16,monaco,False,2.197377563559496,0.4518439879194034,1.7455335756400925,mark-webber,1,0.11109411394205769,294.0,1,False,Monaco,monaco,43.734722,7.420556,STREET
827,2010,7,2010-05-30,istanbul,False,2.5851740986748695,1.9877281711457453,0.5974459275291242,mark-webber,0,0.13549922304148296,138.0,0,False,Istanbul Park,turkey,40.951667,29.405,RACE
828,2010,8,2010-06-13,montreal,False,2.3259372856212126,0.5738643132870295,1.752072972334183,lewis-hamilton,1,0.0976918359734217,268.0,1,False,Gilles Villeneuve,canada,45.500578,-73.522461,STREET
829,2010,9,2010-06-27,valencia,False,2.287306580867696,0.5435325931171356,1.74377398775056,sebastian-vettel,1,0.10153958252881409,75.0,1,False,Valencia,spain,39.458778,-0.325556,STREET
830,2010,10,2010-07-11,silverstone,False,2.390670930321118,1.772465196985096,0.618205733336022,sebastian-vettel,0,0.09631193406113299,143.0,0,False,Silverstone,united-kingdom,52.078611,-1.016944,RACE
831,2010,11,2010-07-25,hockenheimring,False,2.2767498973987093,1.856060664402082,0.4206892329966272,sebastian-vettel,0,0.1044074495934576,2.0,0,False,Hockenheimring,germany,49.327778,8.565833,RACE
832,2010,12,2010-08-01,hungaroring,False,2.24845603609195,1.7512647412337816,0.49719129485816826,sebastian-vettel,0,0.1079204559673286,411.0,0,False,Hungaroring,hungary,47.582222,19.251111,RACE
833,2010,13,2010-08-29,spa-francorchamps,False,2.202410268227353,1.7857873614806787,0.41662290674667446,mark-webber,0,0.1369849499103015,85.0,0,False,Spa-Francorchamps,belgium,50.437222,5.971389,RACE
834,2010,14,2010-09-12,monza,False,2.1583154398896403,0.5637203259055699,1.5945951139840704,fernando-alonso,1,0.11551955686012069,122.0,1,False,Monza,italy,45.620556,9.289444,RACE
835,2010,15,2010-09-26,marina-bay,False,1.9899468289143596,0.5356825212427104,1.4542643076716493,fernando-alonso,1,0.13670269388293052,67.0,1,False,Marina Bay,singapore,1.291531,103.86385,STREET
836,2010,16,2010-10-10,suzuka,False,1.873241379324572,0.4772911346539596,1.3959502446706122,sebastian-vettel,1,0.15362489734341045,68.0,1,False,Suzuka,japan,34.843056,136.540556,RACE
837,2010,17,2010-10-24,yeongam,False,2.0620860762285775,2.6728043283054044,-0.6107182520768268,sebastian-vettel,0,0.18607743797104181,74.0,0,False,Korea,south-korea,34.733333,126.416667,RACE
838,2010,18,2010-11-07,interlagos,False,2.2093931515226406,1.4121570379776796,0.797236113544961,nico-hulkenberg,0,0.016357534734632116,1049.0,0,False,José Carlos Pace,brazil,-23.701111,-46.697222,RACE
839,2010,19,2010-11-14,yas-marina,False,2.0608029530643823,0.5182881822073329,1.5425147708570495,sebastian-vettel,1,0.12735167141506118,31.0,1,False,Yas Marina,united-arab-emirates,24.467222,54.603056,RACE
840,2011,1,2011-03-27,melbourne,False,1.926419354078454,0.5177318606690083,1.4086874934094458,sebastian-vettel,1,0.1456688543744615,778.0,1,False,Melbourne,australia,-37.849722,144.968333,STREET
841,2011,2,2011-04-10,sepang,False,1.8283805888370774,0.5171110861247792,1.3112695027122983,sebastian-vettel,1,0.1606735537527917,104.0,1,False,Sepang,malaysia,2.760556,101.7375,RACE
842,2011,3,2011-04-17,shanghai,False,2.110824129804383,2.5072499782817066,-0.39642584847732376,sebastian-vettel,0,0.1747272312835497,715.0,0,False,Shanghai,china,31.338889,121.219722,RACE
843,2011,4,2011-05-08,istanbul,False,1.713234320149834,0.4849462289985361,1.2282880911512977,sebastian-vettel,1,0.1802817597234451,405.0,1,False,Istanbul Park,turkey,40.951667,29.405,RACE
844,2011,5,2011-05-22,catalunya,False,1.633210185206608,1.6813003630288947,-0.04809017782228664,mark-webber,0,0.17926066624659212,200.0,0,False,Catalunya,spain,41.57,2.261111,RACE
845,2011,6,2011-05-29,monaco,False,1.5603334298862896,0.4708240166283505,1.089509413257939,sebastian-vettel,1,0.210066017234131,441.0,1,False,Monaco,monaco,43.734722,7.420556,STREET
846,2011,7,2011-06-12,montreal,False,1.9269532324592882,3.9374570513657736,-2.0105038189064857,sebastian-vettel,0,0.22754648561069873,185.0,0,False,Gilles Villeneuve,canada,45.500578,-73.522461,STREET
847,2011,8,2011-06-26,valencia,False,1.3332284497430549,0.4547485590219238,0.8784798907211311,sebastian-vettel,1,0.2636247865798692,188.0,1,False,Valencia,spain,39.458778,-0.325556,STREET
848,2011,9,2011-07-10,silverstone,False,2.6120396328231292,2.8747724293187256,-0.26273279649559633,mark-webber,0,0.2321495241709105,32.0,0,False,Silverstone,united-kingdom,52.078611,-1.016944,RACE
849,2011,10,2011-07-24,nurburgring,False,2.4651924043186906,2.0637635508879644,0.4014288534307262,mark-webber,0,0.24542966964411178,55.0,0,False,Nürburgring,germany,50.335556,6.9475,RACE
850,2011,11,2011-07-31,hungaroring,False,2.793677575035023,2.868951487063199,-0.07527391202817624,sebastian-vettel,0,0.28338859252976983,163.0,0,False,Hungaroring,hungary,47.582222,19.251111,RACE
851,2011,12,2011-08-28,spa-francorchamps,False,1.2790670238822497,0.39755804236202713,0.8815089815202226,sebastian-vettel,1,0.2782968236600127,432.0,1,False,Spa-Francorchamps,belgium,50.437222,5.971389,RACE
852,2011,13,2011-09-11,monza,False,1.214645560550651,0.3653080553414313,0.8493375052092197,sebastian-vettel,1,0.2968151986677726,450.0,1,False,Monza,italy,45.620556,9.289444,RACE
853,2011,14,2011-09-25,marina-bay,False,1.3288510471972903,0.4525049001441964,0.8763461470530939,sebastian-vettel,1,0.2647813078245533,351.0,1,False,Marina Bay,singapore,1.291531,103.86385,STREET
854,2011,15,2011-10-09,suzuka,False,2.3702470169966134,2.015300417990918,0.35494659900569525,sebastian-vettel,0,0.27245552290902464,9.0,0,False,Suzuka,japan,34.843056,136.540556,RACE
855,2011,16,2011-10-16,yeongam,False,1.340685703425527,1.4584778065065798,-0.1177921030810527,lewis-hamilton,0,0.09452968789783592,222.0,0,False,Korea,south-korea,34.733333,126.416667,RACE
856,2011,17,2011-10-30,buddh,False,1.321397875126373,0.4586115080351276,0.8627863670912455,sebastian-vettel,1,0.2667621410488029,296.0,1,False,Buddh,india,28.350556,77.535,RACE
857,2011,18,2011-11-13,yas-marina,False,2.2328677949339664,1.98108232475653,0.25178547017743647,sebastian-vettel,0,0.28382008092777444,141.0,0,False,Yas Marina,united-arab-emirates,24.467222,54.603056,RACE
858,2011,19,2011-11-27,interlagos,False,1.8139032008769767,1.7428492213720506,0.07105397950492609,sebastian-vettel,0,0.1902563020936151,181.0,0,False,José Carlos Pace,brazil,-23.701111,-46.697222,RACE
859,2012,1,2012-03-18,melbourne,False,2.1020657038429493,1.6174060959741,0.48465960786884943,lewis-hamilton,0,0.09260728749985404,152.0,0,False,Melbourne,australia,-37.849722,144.968333,STREET
860,2012,2,2012-03-25,sepang,False,2.130709680856544,4.096533386501632,-1.9658237056450876,lewis-hamilton,0,0.11186639326217006,149.0,0,False,Sepang,malaysia,2.760556,101.7375,RACE
861,2012,3,2012-04-15,shanghai,False,3.7196727383816266,0.6514290456648232,3.0682436927168033,nico-rosberg,1,0.024241899991100487,505.0,1,False,Shanghai,china,31.338889,121.219722,RACE
862,2012,4,2012-04-22,bahrain,False,1.4900461221008419,0.47273010305455576,1.017316019046286,sebastian-vettel,1,0.22536226111880103,98.0,1,False,Bahrain,bahrain,26.0325,50.510556,RACE
863,2012,5,2012-05-13,catalunya,False,5.867184127339913,1.2074249961399226,4.659759131199991,pastor-maldonado,1,0.0028308333878487644,17.0,1,False,Catalunya,spain,41.57,2.261111,RACE
864,2012,6,2012-05-27,monaco,False,1.5614002776314369,0.38278411679611823,1.1786161608353187,mark-webber,1,0.20984202827961293,80.0,0,False,Monaco,monaco,43.734722,7.420556,STREET
865,2012,7,2012-06-10,montreal,False,2.368331240071853,1.9859685150348358,0.3823627250370172,sebastian-vettel,0,0.2542800426030084,303.0,0,False,Gilles Villeneuve,canada,45.500578,-73.522461,STREET
866,2012,8,2012-06-24,valencia,False,1.9874225107944237,4.67564093093688,-2.6882184201424564,sebastian-vettel,0,0.25193678476155024,324.0,0,False,Valencia,spain,39.458778,-0.325556,STREET
867,2012,9,2012-07-08,silverstone,False,1.6020946969513785,1.598075419311485,0.004019277639893515,fernando-alonso,0,0.16872924024316857,47.0,0,False,Silverstone,united-kingdom,52.078611,-1.016944,RACE
868,2012,10,2012-07-22,hockenheimring,False,1.6951748622424083,0.47554106775837174,1.2196337944840365,fernando-alonso,1,0.18356712726160085,405.0,1,False,Hockenheimring,germany,49.327778,8.565833,RACE
869,2012,11,2012-07-29,hungaroring,False,2.8855830417791455,0.599666724091166,2.2859163176879793,lewis-hamilton,1,0.0558222333523495,413.0,1,False,Hungaroring,hungary,47.582222,19.251111,RACE
870,2012,12,2012-09-02,spa-francorchamps,False,2.5876898593756854,0.4761217000309459,2.1115681593447393,jenson-button,1,0.07519354726339243,298.0,1,False,Spa-Francorchamps,belgium,50.437222,5.971389,RACE
871,2012,13,2012-09-09,monza,False,2.9102240577355722,0.6276313079968904,2.282592749738682,lewis-hamilton,1,0.05446352552780133,123.0,1,False,Monza,italy,45.620556,9.289444,RACE
872,2012,14,2012-09-23,marina-bay,False,1.931234323298265,2.125607000605685,-0.19437267730741992,lewis-hamilton,0,0.06356162234219154,442.0,0,False,Marina Bay,singapore,1.291531,103.86385,STREET
873,2012,15,2012-10-07,suzuka,False,1.8672974855704971,0.48509823311429257,1.3821992524562046,sebastian-vettel,1,0.15454074657004777,251.0,1,False,Suzuka,japan,34.843056,136.540556,RACE
874,2012,16,2012-10-14,yeongam,False,1.709370189429658,1.6682250295390444,0.041145159890613625,mark-webber,0,0.15414067591613617,74.0,0,False,Korea,south-korea,34.733333,126.416667,RACE
875,2012,17,2012-10-28,buddh,False,1.5823109624193445,0.4842754252583662,1.0980355371609782,sebastian-vettel,1,0.20549964708004947,44.0,1,False,Buddh,india,28.350556,77.535,RACE
876,2012,18,2012-11-04,yas-marina,False,2.576707691399987,2.900760013129144,-0.3240523217291571,lewis-hamilton,0,0.047362494254867375,348.0,0,False,Yas Marina,united-arab-emirates,24.467222,54.603056,RACE
877,2012,19,2012-11-18,austin,False,3.221696362887527,2.1757929936692735,1.0459033692182533,sebastian-vettel,0,0.19171459502177382,109.0,0,False,Americas,united-states-of-america,30.132778,-97.641111,RACE
878,2012,20,2012-11-25,interlagos,False,2.6921109343445995,1.783989402820201,0.9081215315243985,lewis-hamilton,0,0.05356117207208867,55.0,0,False,José Carlos Pace,brazil,-23.701111,-46.697222,RACE
879,2013,1,2013-03-17,melbourne,False,2.636580790061627,4.0081159000513615,-1.3715351099897344,sebastian-vettel,0,0.16609031025042328,420.0,0,True,Melbourne,australia,-37.849722,144.968333,STREET
880,2013,2,2013-03-24,sepang,False,1.7972380669296373,0.508393906622939,1.2888441603066982,sebastian-vettel,1,0.1657560637409312,913.0,1,True,Sepang,malaysia,2.760556,101.7375,RACE
881,2013,3,2013-04-14,shanghai,False,1.7081307006452,1.8757747206771576,-0.16764402003195755,lewis-hamilton,0,0.015010991975136076,277.0,0,True,Shanghai,china,31.338889,121.219722,RACE
882,2013,4,2013-04-21,bahrain,False,1.6931904127048862,1.2799681649298174,0.4132222477750689,nico-rosberg,0,0.017519802323717696,254.0,0,True,Bahrain,bahrain,26.0325,50.510556,RACE
883,2013,5,2013-05-12,catalunya,False,1.751465213852898,2.7673115885452164,-1.0158463746923183,nico-rosberg,0,0.020892849202916768,254.0,0,True,Catalunya,spain,41.57,2.261111,RACE
884,2013,6,2013-05-26,monaco,False,3.803206160459506,0.8186046965985788,2.984601463860927,nico-rosberg,1,0.022299162428990903,91.0,1,True,Monaco,monaco,43.734722,7.420556,STREET
885,2013,7,2013-06-09,montreal,False,1.3453866698870294,0.3300026018222781,1.0153840680647512,sebastian-vettel,1,0.2604389844751756,87.0,1,True,Gilles Villeneuve,canada,45.500578,-73.522461,STREET
886,2013,8,2013-06-30,silverstone,False,3.1807899758656633,1.870549577062252,1.3102403988034113,lewis-hamilton,0,0.038452092393011915,452.0,0,True,Silverstone,united-kingdom,52.078611,-1.016944,RACE
887,2013,9,2013-07-07,nurburgring,False,1.6283316383338935,1.4143386014883326,0.21399303684556092,lewis-hamilton,0,0.05609904888246017,103.0,0,True,Nürburgring,germany,50.335556,6.9475,RACE
888,2013,10,2013-07-28,hungaroring,False,2.795235706024368,0.7037769417102071,2.091458764314161,lewis-hamilton,1,0.0611004708860859,38.0,1,True,Hungaroring,hungary,47.582222,19.251111,RACE
889,2013,11,2013-08-25,spa-francorchamps,False,1.472936235690447,1.3855790917343718,0.08735714395607519,lewis-hamilton,0,0.05980469766783137,188.0,0,True,Spa-Francorchamps,belgium,50.437222,5.971389,RACE
890,2013,12,2013-09-08,monza,False,1.3998274317995696,0.4086295045209193,0.9911979272786503,sebastian-vettel,1,0.24663952240791887,213.0,1,True,Monza,italy,45.620556,9.289444,RACE
891,2013,13,2013-09-22,marina-bay,False,1.3436981188687274,0.3761898953478696,0.9675082235208577,sebastian-vettel,1,0.260879120479089,91.0,1,True,Marina Bay,singapore,1.291531,103.86385,STREET
892,2013,14,2013-10-06,yeongam,False,1.4108506072715574,0.38443273140336,1.0264178758681974,sebastian-vettel,1,0.24393570139927565,218.0,1,True,Korea,south-korea,34.733333,126.416667,RACE
893,2013,15,2013-10-13,suzuka,False,1.53483724075523,1.423668651840229,0.11116858891500092,mark-webber,0,0.09397915146182564,174.0,0,True,Suzuka,japan,34.843056,136.540556,RACE
894,2013,16,2013-10-27,buddh,False,1.3815723872147039,0.3914307705904048,0.9901416166242991,sebastian-vettel,1,0.25118328499809334,752.0,1,True,Buddh,india,28.350556,77.535,RACE
895,2013,17,2013-11-03,yas-marina,False,1.505807433689268,1.3645128867955827,0.14129454689368526,mark-webber,0,0.0817859991212836,118.0,0,True,Yas Marina,united-arab-emirates,24.467222,54.603056,RACE
896,2013,18,2013-11-17,austin,False,1.3389599801823826,0.36703290292429747,0.9719270772580851,sebastian-vettel,1,0.26211813492544683,103.0,1,True,Americas,united-states-of-america,30.132778,-97.641111,RACE
897,2013,19,2013-11-24,interlagos,False,1.241031472526247,0.39797732775873135,0.8430541447675157,sebastian-vettel,1,0.28908587995888313,623.0,1,True,José Carlos Pace,brazil,-23.701111,-46.697222,RACE
898,2014,1,2014-03-16,melbourne,False,2.562830232267888,2.1654981580233823,0.3973320742445057,lewis-hamilton,0,0.06627326905238606,317.0,0,True,Melbourne,australia,-37.849722,144.968333,STREET
899,2014,2,2014-03-30,sepang,False,2.974439515950021,0.8872097860946633,2.087229729855358,lewis-hamilton,1,0.051076053296285236,55.0,1,True,Sepang,malaysia,2.760556,101.7375,RACE
900,2014,3,2014-04-06,bahrain,False,2.5957588499120745,1.9127374483588913,0.6830214015531832,nico-rosberg,0,0.11228929571890535,279.0,0,True,Bahrain,bahrain,26.0325,50.510556,RACE
901,2014,4,2014-04-20,shanghai,False,2.3058618870936165,0.6685631070540031,1.6372987800396133,lewis-hamilton,1,0.0996728568730985,595.0,1,True,Shanghai,china,31.338889,121.219722,RACE
902,2014,5,2014-05-11,catalunya,False,2.1585015026054406,0.599315757899366,1.5591857447060746,lewis-hamilton,1,0.11549806497712432,168.0,1,True,Catalunya,spain,41.57,2.261111,RACE
903,2014,6,2014-05-25,monaco,False,1.7104710916255699,0.5022377616797052,1.2082333299458647,nico-rosberg,1,0.18078060832324722,59.0,1,True,Monaco,monaco,43.734722,7.420556,STREET
904,2014,7,2014-06-08,montreal,False,2.3113582827700156,3.763576697866225,-1.4522184150962092,nico-rosberg,0,0.22597443613037374,79.0,0,True,Gilles Villeneuve,canada,45.500578,-73.522461,STREET
905,2014,8,2014-06-22,spielberg,False,1.6304400595797988,1.4831386267953541,0.14730143278444463,felipe-massa,0,0.0058846596345081634,87.0,0,True,Red Bull Ring,austria,47.219722,14.764722,RACE
906,2014,9,2014-07-06,silverstone,False,1.9900111030848726,3.8095570213816026,-1.81954591829673,nico-rosberg,0,0.24292533328732135,1620.0,0,True,Silverstone,united-kingdom,52.078611,-1.016944,RACE
907,2014,10,2014-07-20,hockenheimring,False,1.7375125878258326,0.3608084817415877,1.3767041060842449,nico-rosberg,1,0.1759575356404083,219.0,1,True,Hockenheimring,germany,49.327778,8.565833,RACE
908,2014,11,2014-07-27,hungaroring,False,2.0012835884913067,2.8859000878061787,-0.884616499314872,nico-rosberg,0,0.19596121955731755,486.0,0,True,Hungaroring,hungary,47.582222,19.251111,RACE
909,2014,12,2014-08-24,spa-francorchamps,False,1.9096418263869634,3.264549368597551,-1.3549075422105874,nico-rosberg,0,0.1984145358666012,228.0,0,True,Spa-Francorchamps,belgium,50.437222,5.971389,RACE
910,2014,13,2014-09-07,monza,False,2.297656096464995,0.6278820921920124,1.6697740042729827,lewis-hamilton,1,0.10049411640153944,274.0,1,True,Monza,italy,45.620556,9.289444,RACE
911,2014,14,2014-09-21,marina-bay,False,2.0698695408007928,0.4333082179707792,1.6365613228300135,lewis-hamilton,1,0.12620224487493398,7.0,1,True,Marina Bay,singapore,1.291531,103.86385,STREET
912,2014,15,2014-10-05,suzuka,False,2.1634002511050405,1.7889137601483507,0.37448649095668984,nico-rosberg,0,0.1345363653025744,197.0,0,True,Suzuka,japan,34.843056,136.540556,RACE
913,2014,16,2014-10-12,sochi,False,1.9816529523600186,0.5383017527867549,1.4433511995732637,lewis-hamilton,1,0.13784120395529081,200.0,1,True,Sochi,russia,43.410278,39.968271,ROAD
914,2014,17,2014-11-02,austin,False,1.815753543674174,1.72578531990786,0.08996822376631397,nico-rosberg,0,0.18279580598658463,376.0,0,True,Americas,united-states-of-america,30.132778,-97.641111,RACE
915,2014,18,2014-11-09,interlagos,False,1.5754991694041047,0.44948428426791187,1.1260148851361929,nico-rosberg,1,0.2069042466301906,33.0,1,True,José Carlos Pace,brazil,-23.701111,-46.697222,RACE
916,2014,19,2014-11-23,yas-marina,False,1.4820834686810824,1.667170810098846,-0.18508734141776362,nico-rosberg,0,0.2527772228205144,386.0,0,True,Yas Marina,united-arab-emirates,24.467222,54.603056,RACE
917,2015,1,2015-03-15,melbourne,False,1.1907533598896778,0.41991244351023027,0.7708409163794475,lewis-hamilton,1,0.30399216227765397,594.0,1,True,Melbourne,australia,-37.849722,144.968333,STREET
918,2015,2,2015-03-29,sepang,False,3.346427274980718,2.369211283618759,0.9772159913619589,lewis-hamilton,0,0.2699320905732391,74.0,0,True,Sepang,malaysia,2.760556,101.7375,RACE
919,2015,3,2015-04-12,shanghai,False,1.2304475675305597,0.4316453598760928,0.798802207654467,lewis-hamilton,1,0.29216178628484024,42.0,1,True,Shanghai,china,31.338889,121.219722,RACE
920,2015,4,2015-04-19,bahrain,False,1.1269782274384927,0.381694411905971,0.7452838155325218,lewis-hamilton,1,0.3240108657656208,411.0,1,True,Bahrain,bahrain,26.0325,50.510556,RACE
921,2015,5,2015-05-10,catalunya,False,1.232809053550317,0.4641830693484368,0.7686259842018801,nico-rosberg,1,0.2914726643072267,267.0,1,True,Catalunya,spain,41.57,2.261111,RACE
922,2015,6,2015-05-24,monaco,False,1.2030290068191272,1.6334211553865832,-0.430392148567456,lewis-hamilton,0,0.33377550998511224,342.0,0,True,Monaco,monaco,43.734722,7.420556,STREET
923,2015,7,2015-06-07,montreal,False,1.0763468545316843,0.39482860788251045,0.6815182466491738,lewis-hamilton,1,0.3408383862936694,309.0,1,True,Gilles Villeneuve,canada,45.500578,-73.522461,STREET
924,2015,8,2015-06-21,spielberg,False,1.1377443802599145,1.6067442065313111,-0.4689998262713966,lewis-hamilton,0,0.34916274613997045,200.0,0,True,Red Bull Ring,austria,47.219722,14.764722,RACE
925,2015,9,2015-07-05,silverstone,False,0.9991889960398062,0.4031871821859132,0.596001813853893,lewis-hamilton,1,0.3681779138700171,113.0,1,True,Silverstone,united-kingdom,52.078611,-1.016944,RACE
926,2015,10,2015-07-26,hungaroring,False,2.719704675209744,2.897160881863217,-0.17745620665347328,lewis-hamilton,0,0.37447250936178417,575.0,0,True,Hungaroring,hungary,47.582222,19.251111,RACE
927,2015,11,2015-08-23,spa-francorchamps,False,0.992517898822777,0.38603623657641767,0.6064816622463594,lewis-hamilton,1,0.3706422753848348,458.0,1,True,Spa-Francorchamps,belgium,50.437222,5.971389,RACE
928,2015,12,2015-09-06,monza,False,0.9432684756023844,0.2935443340459739,0.6497241415564105,lewis-hamilton,1,0.38935316206309367,234.0,1,True,Monza,italy,45.620556,9.289444,RACE
929,2015,13,2015-09-20,marina-bay,False,2.475663979487723,0.48762249385019996,1.988041485637523,sebastian-vettel,1,0.08410712630646522,543.0,1,True,Marina Bay,singapore,1.291531,103.86385,STREET
930,2015,14,2015-09-27,suzuka,False,1.3244248634410432,1.5865360481654185,-0.26211118472437533,nico-rosberg,0,0.24612937353462608,76.0,0,True,Suzuka,japan,34.843056,136.540556,RACE
931,2015,15,2015-10-11,sochi,False,1.2394802198628196,1.569047741877345,-0.3295675220145253,nico-rosberg,0,0.2656950623553784,320.0,0,True,Sochi,russia,43.410278,39.968271,ROAD
932,2015,16,2015-10-25,austin,False,1.3146235917238374,1.4119002170154025,-0.09727662529156511,nico-rosberg,0,0.19481248313668761,,0,True,Americas,united-states-of-america,30.132778,-97.641111,RACE
933,2015,17,2015-11-01,mexico-city,False,1.3960878588582366,0.5419310250923133,0.8541568337659233,nico-rosberg,1,0.24756357559746978,188.0,1,True,Hermanos Rodríguez,mexico,19.404197,-99.088747,RACE
934,2015,18,2015-11-15,interlagos,False,1.205609823876602,0.4878986540967219,0.7177111697798801,nico-rosberg,1,0.29950929589049435,78.0,1,True,José Carlos Pace,brazil,-23.701111,-46.697222,RACE
935,2015,19,2015-11-29,yas-marina,False,1.213834340615892,0.46392720246496516,0.7499071381509268,nico-rosberg,1,0.2970560787640295,377.0,1,True,Yas Marina,united-arab-emirates,24.467222,54.603056,RACE
936,2016,1,2016-03-20,melbourne,False,1.1448387743346091,1.7155806471038522,-0.570741872769243,lewis-hamilton,0,0.4076281557900708,360.0,0,True,Melbourne,australia,-37.849722,144.968333,STREET
937,2016,2,2016-04-03,bahrain,False,1.0418293543713761,1.6415538560309506,-0.5997245016595745,lewis-hamilton,0,0.4416729963516589,77.0,0,True,Bahrain,bahrain,26.0325,50.510556,RACE
938,2016,3,2016-04-17,shanghai,False,1.1089974984834128,0.2870373180524536,0.8219601804309592,nico-rosberg,1,0.3298895100937343,515.0,1,True,Shanghai,china,31.338889,121.219722,RACE
939,2016,4,2016-05-01,sochi,False,1.122745190194428,0.2887025156742206,0.8340426745202074,nico-rosberg,1,0.3253853228395183,706.0,1,True,Sochi,russia,43.410278,39.968271,ROAD
940,2016,5,2016-05-15,catalunya,False,3.1960119541898346,3.5636474677492047,-0.3676355135593701,lewis-hamilton,0,0.3859927860867015,280.0,0,True,Catalunya,spain,41.57,2.261111,RACE
941,2016,6,2016-05-29,monaco,False,1.4374067251767217,2.0296988926451007,-0.592292167468379,daniel-ricciardo,0,0.06990533343295448,169.0,0,True,Monaco,monaco,43.734722,7.420556,STREET
942,2016,7,2016-06-12,montreal,False,1.2690811883573379,0.4578020850194402,0.8112791033378977,lewis-hamilton,1,0.281089771719522,62.0,1,True,Gilles Villeneuve,canada,45.500578,-73.522461,STREET
943,2016,8,2016-06-19,baku,False,1.429370840958918,0.42290385887535153,1.0064669820835666,nico-rosberg,1,0.23945953298988393,757.0,1,True,Baku,azerbaijan,40.3725,49.853333,STREET
944,2016,9,2016-07-03,spielberg,False,1.267462467199118,0.26631826162362887,1.001144205575489,lewis-hamilton,1,0.28154514614303755,543.0,1,True,Red Bull Ring,austria,47.219722,14.764722,RACE
945,2016,10,2016-07-10,silverstone,False,1.1516881962069707,0.41989382447160295,0.7317943717353678,lewis-hamilton,1,0.3161026753406126,319.0,1,True,Silverstone,united-kingdom,52.078611,-1.016944,RACE
946,2016,11,2016-07-24,hungaroring,False,1.128924050156454,1.5112052996577943,-0.38228124950134035,nico-rosberg,0,0.26951508584691886,143.0,0,True,Hungaroring,hungary,47.582222,19.251111,RACE
947,2016,12,2016-07-31,hockenheimring,False,1.109525904000718,1.5169656222218229,-0.4074397182211049,nico-rosberg,0,0.2740098793068246,107.0,0,True,Hockenheimring,germany,49.327778,8.565833,RACE
948,2016,13,2016-08-28,spa-francorchamps,False,1.3268313814427108,0.3962419039722946,0.9305894774704162,nico-rosberg,1,0.2653166179562268,149.0,1,True,Spa-Francorchamps,belgium,50.437222,5.971389,RACE
949,2016,14,2016-09-04,monza,False,1.2766328547488945,1.7045466385495494,-0.4279137838006548,lewis-hamilton,0,0.3334301479522139,478.0,0,True,Monza,italy,45.620556,9.289444,RACE
950,2016,15,2016-09-18,marina-bay,False,1.2525138069679036,0.42547823591800293,0.8270355710499007,nico-rosberg,1,0.2857854835916503,531.0,1,True,Marina Bay,singapore,1.291531,103.86385,STREET
951,2016,16,2016-10-02,sepang,False,2.317072510775212,3.2231043725349555,-0.9060318617597436,lewis-hamilton,0,0.3318317120358403,414.0,0,True,Sepang,malaysia,2.760556,101.7375,RACE
952,2016,17,2016-10-09,suzuka,False,1.345724037245879,0.46917310516529803,0.8765509320805809,nico-rosberg,1,0.2603511356823326,13.0,1,True,Suzuka,japan,34.843056,136.540556,RACE
953,2016,18,2016-10-23,austin,False,1.4399365096966914,0.5220056017906856,0.9179309079060058,lewis-hamilton,1,0.23694280177492294,216.0,1,True,Americas,united-states-of-america,30.132778,-97.641111,RACE
954,2016,19,2016-10-30,mexico-city,False,1.2353428379912073,0.47207924327280654,0.7632635947184008,lewis-hamilton,1,0.290735070252247,254.0,1,True,Hermanos Rodríguez,mexico,19.404197,-99.088747,RACE
955,2016,20,2016-11-13,interlagos,False,1.2248851364856144,0.4531824932361871,0.7717026432494273,lewis-hamilton,1,0.2937914443033088,102.0,1,True,José Carlos Pace,brazil,-23.701111,-46.697222,RACE
956,2016,21,2016-11-27,yas-marina,False,1.1556995223993234,0.4590154720101171,0.6966840503892062,lewis-hamilton,1,0.31483722416510523,303.0,1,True,Yas Marina,united-arab-emirates,24.467222,54.603056,RACE
957,2017,1,2017-03-26,melbourne,False,3.163857736147783,2.262638729963667,0.9012190061841157,lewis-hamilton,0,0.3112170052294348,268.0,0,False,Melbourne,australia,-37.849722,144.968333,STREET
958,2017,2,2017-04-09,shanghai,False,1.094960648396986,0.3791071767625643,0.7158534716344218,lewis-hamilton,1,0.33455277187744153,186.0,1,False,Shanghai,china,31.338889,121.219722,RACE
959,2017,3,2017-04-16,bahrain,False,2.6476418566176894,2.870569959040979,-0.22292810242328942,valtteri-bottas,0,0.3727694923263701,23.0,0,False,Bahrain,bahrain,26.0325,50.510556,RACE
960,2017,4,2017-04-30,sochi,False,0.967304973804601,1.8429221401500024,-0.8756171663454014,sebastian-vettel,0,0.08976325020097453,59.0,0,False,Sochi,russia,43.410278,39.968271,ROAD
961,2017,5,2017-05-14,catalunya,False,1.0810302402687446,0.41222864425233685,0.6688015960164078,lewis-hamilton,1,0.33924584081995773,51.0,1,False,Catalunya,spain,41.57,2.261111,RACE
962,2017,6,2017-05-28,monaco,False,2.0917417462114365,1.3596710858854317,0.7320706603260048,kimi-raikkonen,0,0.05686617467838136,43.0,0,False,Monaco,monaco,43.734722,7.420556,STREET
963,2017,7,2017-06-11,montreal,False,1.163244317802605,0.439644632495019,0.7235996853075861,lewis-hamilton,1,0.31247078011712887,330.0,1,False,Gilles Villeneuve,canada,45.500578,-73.522461,STREET
964,2017,8,2017-06-25,baku,False,3.2561018070035463,5.11479050182344,-1.8586886948198935,lewis-hamilton,0,0.33416648242581376,434.0,0,False,Baku,azerbaijan,40.3725,49.853333,STREET
965,2017,9,2017-07-09,spielberg,False,1.0944982935401124,0.37091622909697863,0.7235820644431338,valtteri-bottas,1,0.3347074897409212,42.0,1,False,Red Bull Ring,austria,47.219722,14.764722,RACE
966,2017,10,2017-07-16,silverstone,False,1.0717818879283947,0.3053565484593764,0.7664253394690184,lewis-hamilton,1,0.34239785890627394,547.0,1,False,Silverstone,united-kingdom,52.078611,-1.016944,RACE
967,2017,11,2017-07-30,hungaroring,False,2.0141975114029647,0.47609335084545024,1.5381041605575145,sebastian-vettel,1,0.13342743440925472,168.0,1,False,Hungaroring,hungary,47.582222,19.251111,RACE
968,2017,12,2017-08-27,spa-francorchamps,False,1.093388610037192,0.42763417906381745,0.6657544309733745,lewis-hamilton,1,0.33507911527581846,242.0,1,False,Spa-Francorchamps,belgium,50.437222,5.971389,RACE
969,2017,13,2017-09-03,monza,False,1.08553203934296,0.24410747198702065,0.8414245673559393,lewis-hamilton,1,0.3377220566663105,1148.0,1,False,Monza,italy,45.620556,9.289444,RACE
970,2017,14,2017-09-17,marina-bay,False,1.0676909840698157,2.796662976807796,-1.7289719927379803,sebastian-vettel,0,0.17376735617733158,323.0,0,False,Marina Bay,singapore,1.291531,103.86385,STREET
971,2017,15,2017-10-01,sepang,False,4.774731944960499,3.8689216319606268,0.9058103129998725,lewis-hamilton,0,0.43550038674022007,45.0,0,False,Sepang,malaysia,2.760556,101.7375,RACE
972,2017,16,2017-10-08,suzuka,False,0.8977939851867983,0.3052067868113472,0.5925871983754512,lewis-hamilton,1,0.40746754844634664,332.0,1,False,Suzuka,japan,34.843056,136.540556,RACE
973,2017,17,2017-10-22,austin,False,0.8521508267453358,0.321257066063434,0.5308937606819017,lewis-hamilton,1,0.4264966243959697,239.0,1,False,Americas,united-states-of-america,30.132778,-97.641111,RACE
974,2017,18,2017-10-29,mexico-city,False,4.147073734334075,2.545394862575662,1.6016788717584132,sebastian-vettel,0,0.06647943744549586,86.0,0,False,Hermanos Rodríguez,mexico,19.404197,-99.088747,RACE
975,2017,19,2017-11-12,interlagos,False,2.4489046758032234,1.9720044627898254,0.4769002130133979,valtteri-bottas,0,0.3518006707723745,38.0,0,False,José Carlos Pace,brazil,-23.701111,-46.697222,RACE
976,2017,20,2017-11-26,yas-marina,False,1.0546563458776157,0.44074021686874054,0.6139161290088752,valtteri-bottas,1,0.34831210563202153,172.0,1,False,Yas Marina,united-arab-emirates,24.467222,54.603056,RACE
977,2018,1,2018-03-25,melbourne,False,2.1649900874597887,2.536872934731096,-0.37188284727130716,lewis-hamilton,0,0.37005658866722596,664.0,0,False,Melbourne,australia,-37.849722,144.968333,STREET
978,2018,2,2018-04-08,bahrain,False,1.92324533521387,0.45629312852575976,1.4669522066881102,sebastian-vettel,1,0.14613194460601436,143.0,1,False,Bahrain,bahrain,26.0325,50.510556,RACE
979,2018,3,2018-04-15,shanghai,False,4.415489301207638,4.512063318644201,-0.0965740174365628,sebastian-vettel,0,0.12423331119417341,87.0,0,False,Shanghai,china,31.338889,121.219722,RACE
980,2018,4,2018-04-29,baku,False,0.9631992461972531,1.3567112152805918,-0.39351196908333874,sebastian-vettel,0,0.1188184985480633,179.0,0,False,Baku,azerbaijan,40.3725,49.853333,STREET
981,2018,5,2018-05-13,catalunya,False,0.9798982444375693,0.4013382659264754,0.578559978511094,lewis-hamilton,1,0.3753492907864376,40.0,1,False,Catalunya,spain,41.57,2.261111,RACE
982,2018,6,2018-05-27,monaco,False,4.21995576400483,1.1198600265127583,3.1000957374920715,daniel-ricciardo,1,0.014699294728450643,229.0,1,False,Monaco,monaco,43.734722,7.420556,STREET
983,2018,7,2018-06-10,montreal,False,1.9925778880729565,0.5319236710390086,1.460654217033948,sebastian-vettel,1,0.13634349375379246,93.0,1,False,Gilles Villeneuve,canada,45.500578,-73.522461,STREET
984,2018,8,2018-06-24,paul-ricard,False,0.9762292870091119,0.4056002069595745,0.5706290800495375,lewis-hamilton,1,0.37672896078270246,118.0,1,False,Paul Ricard,france,43.250556,5.791667,RACE
985,2018,9,2018-07-01,spielberg,False,3.5323477465108146,3.7071924749660905,-0.17484472845527588,valtteri-bottas,0,0.2867092867092093,19.0,0,False,Red Bull Ring,austria,47.219722,14.764722,RACE
986,2018,10,2018-07-08,silverstone,False,1.1963335829749668,1.47941666827486,-0.2830830852998931,lewis-hamilton,0,0.21710886546818137,44.0,0,False,Silverstone,united-kingdom,52.078611,-1.016944,RACE
987,2018,11,2018-07-22,hockenheimring,False,1.5139445435078298,4.900577672514107,-3.386633129006277,sebastian-vettel,0,0.3164389707774197,204.0,0,False,Hockenheimring,germany,49.327778,8.565833,RACE
988,2018,12,2018-07-29,hungaroring,False,1.2057298426216436,0.422338698567422,0.7833911440542216,lewis-hamilton,1,0.29947335131772773,260.0,1,False,Hungaroring,hungary,47.582222,19.251111,RACE
989,2018,13,2018-08-26,spa-francorchamps,False,1.5266584506251886,1.6391788431560184,-0.1125203925308298,lewis-hamilton,0,0.3035121346904212,726.0,0,False,Spa-Francorchamps,belgium,50.437222,5.971389,RACE
990,2018,14,2018-09-02,monza,False,1.0420212635808603,1.876387025606584,-0.8343657620257237,kimi-raikkonen,0,0.10301933049764697,161.0,0,False,Monza,italy,45.620556,9.289444,RACE
991,2018,15,2018-09-16,marina-bay,False,1.030807168713919,0.325279257384995,0.7055279113289241,lewis-hamilton,1,0.35671891198746536,319.0,1,False,Marina Bay,singapore,1.291531,103.86385,STREET
992,2018,16,2018-09-30,sochi,False,1.011830689471111,1.4219595924763266,-0.41012890300521554,valtteri-bottas,0,0.25895873450684703,145.0,0,False,Sochi,russia,43.410278,39.968271,ROAD
993,2018,17,2018-10-07,suzuka,False,1.0003272126225489,0.34800224327294177,0.6523249693496072,lewis-hamilton,1,0.36775908606664337,299.0,1,False,Suzuka,japan,34.843056,136.540556,RACE
994,2018,18,2018-10-21,austin,False,2.3056441915751478,2.1785170347843676,0.12712715679078013,lewis-hamilton,0,0.38555094572759496,61.0,0,False,Americas,united-states-of-america,30.132778,-97.641111,RACE
995,2018,19,2018-10-28,mexico-city,False,3.5990900581274556,1.8089651906291893,1.7901248674982664,daniel-ricciardo,0,0.015226321576777958,26.0,0,False,Hermanos Rodríguez,mexico,19.404197,-99.088747,RACE
996,2018,20,2018-11-11,interlagos,False,1.0688159171225466,0.40931290701572803,0.6595030101068187,lewis-hamilton,1,0.34341490848387196,93.0,1,False,José Carlos Pace,brazil,-23.701111,-46.697222,RACE
997,2018,21,2018-11-25,yas-marina,False,1.0541682065427023,0.4003075166130352,0.6538606899296671,lewis-hamilton,1,0.34848217197626613,162.0,1,False,Yas Marina,united-arab-emirates,24.467222,54.603056,RACE
998,2019,1,2019-03-17,melbourne,False,1.4598864802492182,1.8707198984047921,-0.41083341815557395,lewis-hamilton,0,0.3676985062038641,112.0,0,True,Melbourne,australia,-37.849722,144.968333,STREET
999,2019,2,2019-03-31,bahrain,False,0.9843105586153937,1.9203624606260077,-0.936051902010614,charles-leclerc,0,0.11899926737791103,294.0,0,True,Bahrain,bahrain,26.0325,50.510556,RACE
1000,2019,3,2019-04-14,shanghai,False,0.9730201539938045,1.3942092424903296,-0.42118908849652514,valtteri-bottas,0,0.2484899163389766,23.0,0,True,Shanghai,china,31.338889,121.219722,RACE
1001,2019,4,2019-04-28,baku,False,1.3786993063245443,0.5619738404282533,0.816725465896291,valtteri-bottas,1,0.2519059925957048,59.0,1,True,Baku,azerbaijan,40.3725,49.853333,STREET
1002,2019,5,2019-05-12,catalunya,False,0.9410181671631046,1.3990292302723644,-0.45801106310925976,valtteri-bottas,0,0.26643574439326795,634.0,0,True,Catalunya,spain,41.57,2.261111,RACE
1003,2019,6,2019-05-26,monaco,False,0.9300292991902787,0.3637007030473426,0.5663285961429361,lewis-hamilton,1,0.394542150436715,86.0,1,True,Monaco,monaco,43.734722,7.420556,STREET
1004,2019,7,2019-06-09,montreal,False,0.8491276898932283,1.2255006393206447,-0.3763729494274164,sebastian-vettel,0,0.10818746357601103,206.0,0,True,Gilles Villeneuve,canada,45.500578,-73.522461,STREET
1005,2019,8,2019-06-23,paul-ricard,False,0.8704445419483673,0.3523345033988475,0.5181100385495199,lewis-hamilton,1,0.4187653490996196,286.0,1,True,Paul Ricard,france,43.250556,5.791667,RACE
1006,2019,9,2019-06-30,spielberg,False,2.899366529532698,1.7165028384928918,1.182863691039806,charles-leclerc,0,0.0768080483741494,259.0,0,True,Red Bull Ring,austria,47.219722,14.764722,RACE
1007,2019,10,2019-07-14,silverstone,False,0.9550600886474901,1.395316741535858,-0.4402566528883679,valtteri-bottas,0,0.2683433986934282,6.0,0,True,Silverstone,united-kingdom,52.078611,-1.016944,RACE
1008,2019,11,2019-07-28,hockenheimring,False,2.598151447632416,2.0329007820721468,0.5652506655602694,lewis-hamilton,0,0.4088128489883165,346.0,0,True,Hockenheimring,germany,49.327778,8.565833,RACE
1009,2019,12,2019-08-04,hungaroring,False,1.0140012760521602,2.0206681378866085,-1.0066668618344483,max-verstappen,0,0.12527424188517378,18.0,0,True,Hungaroring,hungary,47.582222,19.251111,RACE
1010,2019,13,2019-09-01,spa-francorchamps,False,2.459904474955967,0.7602796139321804,1.6996248610237865,charles-leclerc,1,0.0854431125345852,748.0,1,True,Spa-Francorchamps,belgium,50.437222,5.971389,RACE
1011,2019,14,2019-09-08,monza,False,2.263144802659053,0.7332786833973383,1.529866119261715,charles-leclerc,1,0.10402283853421669,39.0,1,True,Monza,italy,45.620556,9.289444,RACE
1012,2019,15,2019-09-22,marina-bay,False,2.0688351231433666,2.37862983048647,-0.3097947073431033,charles-leclerc,0,0.10445833598595193,191.0,0,True,Marina Bay,singapore,1.291531,103.86385,STREET
1013,2019,16,2019-09-29,sochi,False,1.0850450840953887,1.2928359499543125,-0.2077908658589238,charles-leclerc,0,0.12487036471113286,402.0,0,True,Sochi,russia,43.410278,39.968271,ROAD
1014,2019,17,2019-10-13,suzuka,False,1.4653088048014862,2.1840280751117342,-0.7187192703102481,sebastian-vettel,0,0.09078332544648614,189.0,0,True,Suzuka,japan,34.843056,136.540556,RACE
1015,2019,18,2019-10-27,mexico-city,False,0.9328219960738044,1.827161432144961,-0.8943394360711565,charles-leclerc,0,0.10071629840930374,266.0,0,True,Hermanos Rodríguez,mexico,19.404197,-99.088747,RACE
1016,2019,19,2019-11-03,austin,False,1.3998194108322954,0.49005193176456263,0.9097674790677328,valtteri-bottas,1,0.24664150070339047,12.0,1,True,Americas,united-states-of-america,30.132778,-97.641111,RACE
1017,2019,20,2019-11-17,interlagos,False,2.72228994668622,0.6676994918850669,2.0545904548011533,max-verstappen,1,0.0657240773378925,123.0,1,True,José Carlos Pace,brazil,-23.701111,-46.697222,RACE
1018,2019,21,2019-12-01,yas-marina,False,0.931396889667692,0.3381399208253711,0.5932569688423208,lewis-hamilton,1,0.39400294713752776,194.0,1,True,Yas Marina,united-arab-emirates,24.467222,54.603056,RACE
1019,2020,1,2020-07-05,spielberg,False,1.549018232636426,0.5151242985383577,1.0338939340980682,valtteri-bottas,1,0.21245645428333937,12.0,1,True,Red Bull Ring,austria,47.219722,14.764722,RACE
1020,2020,2,2020-07-12,spielberg,False,0.8425805514593621,0.2831158579531823,0.5594646935061798,lewis-hamilton,1,0.4305979084054157,1216.0,1,True,Red Bull Ring,austria,47.219722,14.764722,RACE
1021,2020,3,2020-07-19,hungaroring,False,0.7637153581383322,0.2918956580015841,0.4718197001367481,lewis-hamilton,1,0.4659321025575618,107.0,1,True,Hungaroring,hungary,47.582222,19.251111,RACE
1022,2020,4,2020-08-02,silverstone,False,0.7544242626323803,0.324160968138376,0.43026329449400424,lewis-hamilton,1,0.47028129531760365,313.0,1,True,Silverstone,united-kingdom,52.078611,-1.016944,RACE
1023,2020,5,2020-08-09,silverstone,False,2.297171372179693,2.948698513413015,-0.6515271412333221,valtteri-bottas,0,0.23395291520221195,63.0,0,True,Silverstone,united-kingdom,52.078611,-1.016944,RACE
1024,2020,6,2020-08-16,catalunya,False,0.8102014939583115,0.3303541992370749,0.47984729472123666,lewis-hamilton,1,0.4447684390402622,59.0,1,True,Catalunya,spain,41.57,2.261111,RACE
1025,2020,7,2020-08-30,spa-francorchamps,False,0.7719076029502663,0.31815693936255746,0.4537506635877088,lewis-hamilton,1,0.4621306651211551,511.0,1,True,Spa-Francorchamps,belgium,50.437222,5.971389,RACE
1026,2020,8,2020-09-06,monza,False,5.557369535728028,6.208117249757733,-0.6507477140297055,lewis-hamilton,0,0.4625591721978914,69.0,0,True,Monza,italy,45.620556,9.289444,RACE
1027,2020,9,2020-09-13,mugello,False,0.740773916797376,0.32549157594513345,0.4152823408522426,lewis-hamilton,1,0.4767448118937222,59.0,1,True,Mugello,italy,43.9975,11.371944,RACE
1028,2020,10,2020-09-27,sochi,False,1.2406526878687967,2.4673502373939624,-1.2266975495251657,lewis-hamilton,0,0.5109913370363602,563.0,0,True,Sochi,russia,43.410278,39.968271,ROAD
1029,2020,11,2020-10-11,nurburgring,False,0.6792240158528435,1.2396405041876621,-0.5604164883348186,valtteri-bottas,0,0.3027531337846915,256.0,0,True,Nürburgring,germany,50.335556,6.9475,RACE
1030,2020,12,2020-10-25,portimao,False,0.6594165733088709,0.2942427850212952,0.36517378828757574,lewis-hamilton,1,0.5171529673373579,102.0,1,True,Portimão,portugal,37.221944,-8.629444,RACE
1031,2020,13,2020-11-01,imola,False,0.6371143788490825,1.1361794768789093,-0.4990650980298268,valtteri-bottas,0,0.24967280228569538,97.0,0,True,Enzo e Dino Ferrari,italy,44.341111,11.713333,RACE
1032,2020,14,2020-11-15,istanbul,False,0.584718985335742,1.8820576953103199,-1.297338709974578,lance-stroll,0,0.007561531940671955,290.0,0,True,Istanbul Park,turkey,40.951667,29.405,RACE
1033,2020,15,2020-11-29,bahrain,False,0.6146788956533751,0.2687481027157175,0.3459307929376576,lewis-hamilton,1,0.5408145253259482,289.0,1,True,Bahrain,bahrain,26.0325,50.510556,RACE
1034,2020,16,2020-12-06,bahrain,False,3.7815178513521372,3.8744030341336875,-0.09288518278155022,valtteri-bottas,0,0.2590856385953237,26.0,0,True,Bahrain,bahrain,26.0325,50.510556,RACE
1035,2020,17,2020-12-13,yas-marina,False,3.1685960718020874,0.8891714723892015,2.279424599412886,max-verstappen,1,0.04206260935318243,25.0,1,True,Yas Marina,united-arab-emirates,24.467222,54.603056,RACE
1036,2021,1,2021-03-28,bahrain,False,0.6983411667643529,0.9238492255517715,-0.22550805878741864,max-verstappen,0,0.053996525192382586,388.0,0,False,Bahrain,bahrain,26.0325,50.510556,RACE
1037,2021,2,2021-04-18,imola,False,2.791211172973418,3.012387257668936,-0.22117608469551797,lewis-hamilton,0,0.48768860486280136,35.0,0,False,Enzo e Dino Ferrari,italy,44.341111,11.713333,RACE
1038,2021,3,2021-05-02,portimao,False,0.8091865822228063,0.993068739103371,-0.18388215688056475,valtteri-bottas,0,0.13674562546485539,7.0,0,False,Portimão,portugal,37.221944,-8.629444,RACE
1039,2021,4,2021-05-09,catalunya,False,0.7970936459494159,0.28488642854431184,0.512207217405104,lewis-hamilton,1,0.45063677272897995,36.0,1,False,Catalunya,spain,41.57,2.261111,RACE
1040,2021,5,2021-05-23,monaco,False,2.2056302557096026,0.8230932209350396,1.382537034774563,,0,,230.0,0,False,Monaco,monaco,43.734722,7.420556,STREET
1041,2021,6,2021-06-06,baku,False,1.8848623163183214,3.2746312269142255,-1.3897689105959041,charles-leclerc,0,0.04972571828883491,232.0,0,False,Baku,azerbaijan,40.3725,49.853333,STREET
1042,2021,7,2021-06-20,paul-ricard,False,1.920071311001461,0.6535256005659934,1.2665457104354676,max-verstappen,1,0.1465965078138178,258.0,1,False,Paul Ricard,france,43.250556,5.791667,RACE
1043,2021,8,2021-06-27,spielberg,False,1.7848895268454048,0.6276959211819244,1.1571936056634804,max-verstappen,1,0.16781559909480842,194.0,1,False,Red Bull Ring,austria,47.219722,14.764722,RACE
1044,2021,9,2021-07-04,spielberg,False,1.6996678941915624,0.5165822476043367,1.1830856465872257,max-verstappen,1,0.18274420438776656,48.0,1,False,Red Bull Ring,austria,47.219722,14.764722,RACE
1045,2021,10,2021-07-18,silverstone,True,1.2886565775139525,1.3618548241752946,-0.07319824666134211,max-verstappen,0,0.19106830119872312,75.0,0,False,Silverstone,united-kingdom,52.078611,-1.016944,RACE
1046,2021,11,2021-08-01,hungaroring,False,5.115561611455184,5.786456388814863,-0.6708947773596794,lewis-hamilton,0,0.36374452594635975,315.0,0,False,Hungaroring,hungary,47.582222,19.251111,RACE
1047,2021,12,2021-08-29,spa-francorchamps,False,2.427798114468137,0.531602514909346,1.896195599558791,max-verstappen,1,0.08823089318151418,321.0,1,False,Spa-Francorchamps,belgium,50.437222,5.971389,RACE
1048,2021,13,2021-09-05,zandvoort,False,2.3574802612133974,0.7334110265983559,1.6240692346150416,max-verstappen,1,0.09465843748778775,38.0,1,False,Zandvoort,netherlands,52.388819,4.540922,RACE
1049,2021,14,2021-09-12,monza,True,2.9889016642152844,2.101709801511858,0.8871918627034265,max-verstappen,0,0.10634826845538055,96.0,0,False,Monza,italy,45.620556,9.289444,RACE
1050,2021,15,2021-09-26,sochi,False,1.2287536607419245,2.071785039156236,-0.8430313784143113,lando-norris,0,0.08295220362078523,517.0,0,False,Sochi,russia,43.410278,39.968271,ROAD
1051,2021,16,2021-10-03,istanbul,False,2.141149747172165,0.6520380907401095,1.4891116564320555,valtteri-bottas,1,0.11751964743398888,130.0,0,False,Istanbul Park,turkey,40.951667,29.405,RACE
1052,2021,17,2021-10-24,austin,False,2.2073874075738917,0.6929324827506895,1.5144549248232022,max-verstappen,1,0.10998762631373936,209.0,1,False,Americas,united-states-of-america,30.132778,-97.641111,RACE
1053,2021,18,2021-11-07,mexico-city,False,2.0149194667454573,2.2378609771998113,-0.22294151045435395,valtteri-bottas,0,0.127335258247876,145.0,0,False,Hermanos Rodríguez,mexico,19.404197,-99.088747,RACE
1054,2021,19,2021-11-14,interlagos,True,1.2588252857936677,3.552439685383745,-2.2936143995900773,valtteri-bottas,0,0.09755485422706948,535.0,0,False,José Carlos Pace,brazil,-23.701111,-46.697222,RACE
1055,2021,20,2021-11-21,lusail,False,1.1751701057939838,0.2397205377710856,0.9354495680228982,lewis-hamilton,1,0.30876645225801946,597.0,1,False,Lusail,qatar,25.49,51.454167,RACE
1056,2021,21,2021-12-05,jeddah,False,1.3311817505595145,0.3486809566333351,0.9825007939261794,lewis-hamilton,1,0.26416489975137336,111.0,1,False,Jeddah,saudi-arabia,21.543333,39.172778,STREET
1057,2021,22,2021-12-12,yas-marina,False,1.6630504482735786,0.5580394243937111,1.1050110238798676,max-verstappen,1,0.1895598547230101,371.0,1,False,Yas Marina,united-arab-emirates,24.467222,54.603056,RACE
1058,2022,1,2022-03-20,bahrain,False,2.748291593912121,0.8494774424443955,1.8988141514677253,charles-leclerc,1,0.0640371692986971,123.0,1,True,Bahrain,bahrain,26.0325,50.510556,RACE
1059,2022,2,2022-03-27,jeddah,False,2.500582389308257,2.405264103830709,0.09531828547754762,sergio-perez,0,0.03564992161328359,25.0,0,True,Jeddah,saudi-arabia,21.543333,39.172778,STREET
1060,2022,3,2022-04-10,melbourne,False,2.1180062452914634,0.6476227369433057,1.4703835083481578,charles-leclerc,1,0.12027118086093426,286.0,1,True,Melbourne,australia,-37.849722,144.968333,STREET
1061,2022,4,2022-04-24,imola,True,2.5485321001632637,0.5757929991215692,1.9727391010416944,max-verstappen,1,0.07819636622955595,779.0,1,True,Enzo e Dino Ferrari,italy,44.341111,11.713333,RACE
1062,2022,5,2022-05-08,miami,False,2.063478304770643,2.132410208013201,-0.06893190324255816,charles-leclerc,0,0.09791094963576247,190.0,0,True,Miami,united-states-of-america,25.958056,-80.238889,STREET
1063,2022,6,2022-05-22,catalunya,False,1.87611962226596,1.5658469164919662,0.3102727057739938,charles-leclerc,0,0.11895074001980369,323.0,0,True,Catalunya,spain,41.57,2.261111,RACE
1064,2022,7,2022-05-29,monaco,False,2.1711012966397485,2.3003990562014973,-0.12929775956174883,charles-leclerc,0,0.0689459356892959,225.0,0,True,Monaco,monaco,43.734722,7.420556,STREET
1065,2022,8,2022-06-12,baku,False,1.5347116403524101,1.9334090123339307,-0.39869737198152055,charles-leclerc,0,0.08100553934307413,282.0,0,True,Baku,azerbaijan,40.3725,49.853333,STREET
1066,2022,9,2022-06-19,montreal,False,1.3654258422941916,0.2874518618014021,1.0779739804927895,max-verstappen,1,0.255271947247414,645.0,1,True,Gilles Villeneuve,canada,45.500578,-73.522461,STREET
1067,2022,10,2022-07-03,silverstone,False,3.1282908636183646,0.9490958339962445,2.17919502962212,carlos-sainz-jr,1,0.04379258082001386,72.0,1,True,Silverstone,united-kingdom,52.078611,-1.016944,RACE
1068,2022,11,2022-07-10,spielberg,True,2.660549596060678,2.1850036498821956,0.47554594617848256,max-verstappen,0,0.254719840296405,29.0,0,True,Red Bull Ring,austria,47.219722,14.764722,RACE
1069,2022,12,2022-07-24,paul-ricard,False,1.504390144027023,1.2587793601693138,0.2456107838577093,charles-leclerc,0,0.0713445532315966,304.0,0,True,Paul Ricard,france,43.250556,5.791667,RACE
1070,2022,13,2022-07-31,hungaroring,False,1.4168586784850554,3.720152182807288,-2.303293504322233,george-russell,0,0.20230962668845312,44.0,0,True,Hungaroring,hungary,47.582222,19.251111,RACE
1071,2022,14,2022-08-28,spa-francorchamps,False,1.390627979776222,3.886286716755209,-2.495658736978987,carlos-sainz-jr,0,0.04071111584076061,632.0,1,True,Spa-Francorchamps,belgium,50.437222,5.971389,RACE
1072,2022,15,2022-09-04,zandvoort,False,1.0984744939377291,0.3212485674678048,0.7772259264699244,max-verstappen,1,0.33337926807483687,21.0,1,True,Zandvoort,netherlands,52.388819,4.540922,RACE
1073,2022,16,2022-09-11,monza,False,1.0920498815181492,2.756182404756845,-1.6641325232386956,charles-leclerc,0,0.055003029356436035,145.0,0,True,Monza,italy,45.620556,9.289444,RACE
1074,2022,17,2022-10-02,marina-bay,False,2.0687295164838164,1.6944814392805119,0.37424807720330455,charles-leclerc,0,0.06643548847085884,22.0,0,True,Marina Bay,singapore,1.291531,103.86385,STREET
1075,2022,18,2022-10-09,suzuka,False,1.034962963450204,0.3288340021141705,0.7061289613360335,max-verstappen,1,0.3552395375281336,10.0,1,True,Suzuka,japan,34.843056,136.540556,RACE
1076,2022,19,2022-10-23,austin,False,0.9126369783883501,0.9441945659054233,-0.03155758751707316,carlos-sainz-jr,0,0.050323304520627686,65.0,0,True,Americas,united-states-of-america,30.132778,-97.641111,RACE
1077,2022,20,2022-10-30,mexico-city,False,0.8747775677678485,0.3315662017213015,0.543211366046547,max-verstappen,1,0.41695475354116235,304.0,1,True,Hermanos Rodríguez,mexico,19.404197,-99.088747,RACE
1078,2022,21,2022-11-13,interlagos,True,2.1224184287496555,0.7104545538570459,1.4119638748926095,george-russell,1,0.11974169130774649,203.0,1,True,José Carlos Pace,brazil,-23.701111,-46.697222,RACE
1079,2022,22,2022-11-20,yas-marina,False,1.035114248066928,0.34356964264143924,0.6915446054254888,max-verstappen,1,0.3551857993158383,228.0,1,True,Yas Marina,united-arab-emirates,24.467222,54.603056,RACE
1080,2023,1,2023-03-05,bahrain,False,0.8998087472194798,0.3122898022760417,0.5875189449434381,max-verstappen,1,0.4066474247546502,138.0,1,True,Bahrain,bahrain,26.0325,50.510556,RACE
1081,2023,2,2023-03-19,jeddah,False,1.6163661608267423,0.37690982173859555,1.2394563390881468,sergio-perez,1,0.19861913931788258,155.0,1,True,Jeddah,saudi-arabia,21.543333,39.172778,STREET
1082,2023,3,2023-04-02,melbourne,False,0.7910936547460546,0.27419682045084287,0.5168968342952118,max-verstappen,1,0.45334871708660546,236.0,1,True,Melbourne,australia,-37.849722,144.968333,STREET
1083,2023,4,2023-04-30,baku,False,1.4765920801579524,2.1060044733507297,-0.6294123931927773,charles-leclerc,0,0.028215097539067712,188.0,0,True,Baku,azerbaijan,40.3725,49.853333,STREET
1084,2023,5,2023-05-07,miami,False,0.675424377291608,2.995595174879939,-2.3201707975883314,sergio-perez,0,0.24091621943630878,361.0,0,True,Miami,united-states-of-america,25.958056,-80.238889,STREET
1085,2023,6,2023-05-28,monaco,False,0.6752435255831987,0.16384735006285409,0.5113961755203446,max-verstappen,1,0.5090324430897427,84.0,1,True,Monaco,monaco,43.734722,7.420556,STREET
1086,2023,7,2023-06-04,catalunya,False,0.707938714933281,0.19018079047005007,0.5177579244632309,max-verstappen,1,0.49265866149391535,462.0,1,True,Catalunya,spain,41.57,2.261111,RACE
1087,2023,8,2023-06-18,montreal,False,0.7255059496214824,0.21230850773079335,0.513197441890689,max-verstappen,1,0.4840795871024887,1244.0,1,True,Gilles Villeneuve,canada,45.500578,-73.522461,STREET
1088,2023,9,2023-07-02,spielberg,False,0.670556951097246,0.2021973565497939,0.46835959454745213,max-verstappen,1,0.5114236604825416,48.0,1,True,Red Bull Ring,austria,47.219722,14.764722,RACE
1089,2023,10,2023-07-09,silverstone,False,0.6573350477386655,0.15113592462561348,0.506199123113052,max-verstappen,1,0.5182305555872498,241.0,1,True,Silverstone,united-kingdom,52.078611,-1.016944,RACE
1090,2023,11,2023-07-23,hungaroring,False,0.6485837244039387,0.9002137402348306,-0.25163001583089184,lewis-hamilton,0,0.09572675179981073,3.0,0,True,Hungaroring,hungary,47.582222,19.251111,RACE
1091,2023,12,2023-07-30,spa-francorchamps,False,0.6401853789898366,2.2068135261915587,-1.566628147201722,charles-leclerc,0,0.040060816620935864,820.0,1,True,Spa-Francorchamps,belgium,50.437222,5.971389,RACE
1092,2023,13,2023-08-27,zandvoort,False,0.6172586699619097,0.165960378692515,0.4512982912693947,max-verstappen,1,0.5394211439852956,537.0,1,True,Zandvoort,netherlands,52.388819,4.540922,RACE
1093,2023,14,2023-09-03,monza,False,0.5618045540577313,0.6033905138969022,-0.041585959839170905,carlos-sainz-jr,0,0.0190371442683523,13.0,0,True,Monza,italy,45.620556,9.289444,RACE
1094,2023,15,2023-09-17,marina-bay,False,3.7414430351139325,0.7911898879665519,2.9502531471473805,carlos-sainz-jr,1,0.023719849846676744,72.0,1,True,Marina Bay,singapore,1.291531,103.86385,STREET
1095,2023,16,2023-09-24,suzuka,False,0.6097605794353349,0.171548685837741,0.43821189359759394,max-verstappen,1,0.5434809740206632,581.0,1,True,Suzuka,japan,34.843056,136.540556,RACE
1096,2023,17,2023-10-08,lusail,False,0.6195096627556014,0.20979919904494723,0.4097104637106541,max-verstappen,1,0.538208276467571,441.0,1,True,Lusail,qatar,25.49,51.454167,RACE
1097,2023,18,2023-10-22,austin,False,0.5135910898046255,1.3591172345469982,-0.8455261447423726,,0,,130.0,0,True,Americas,united-states-of-america,30.132778,-97.641111,RACE
1098,2023,19,2023-10-29,mexico-city,False,0.6576396790764784,1.2862572588704793,-0.6286175797940009,charles-leclerc,0,0.07902788307046928,67.0,0,True,Hermanos Rodríguez,mexico,19.404197,-99.088747,RACE
1099,2023,20,2023-11-05,interlagos,False,0.6765452951833897,0.11919779234873001,0.5573475028346597,max-verstappen,1,0.508370231246956,294.0,1,True,José Carlos Pace,brazil,-23.701111,-46.697222,RACE
1100,2023,21,2023-11-19,las-vegas,False,0.6958161163291028,0.8091973880745432,-0.11338127174544044,charles-leclerc,0,0.10315949623336883,44.0,0,True,Las Vegas,united-states-of-america,36.175,-115.136389,STREET
1101,2023,22,2023-11-26,yas-marina,False,0.653616664401864,0.19721575985742967,0.45640090454443427,max-verstappen,1,0.5201611225193277,139.0,1,True,Yas Marina,united-arab-emirates,24.467222,54.603056,RACE
1102,2024,1,2024-03-02,bahrain,False,0.5334158560316772,0.1922540404150492,0.34116181561662795,max-verstappen,1,0.5865978098784987,228.0,1,False,Bahrain,bahrain,26.0325,50.510556,RACE
1103,2024,2,2024-03-09,jeddah,False,0.5476420864390955,0.19436758739533194,0.35327449904376357,max-verstappen,1,0.5783118132738566,319.0,1,False,Jeddah,saudi-arabia,21.543333,39.172778,STREET
1104,2024,3,2024-03-24,melbourne,False,2.850943541366228,2.825167802857145,0.025775738509082657,max-verstappen,0,0.5951636525514182,270.0,0,False,Melbourne,australia,-37.849722,144.968333,STREET
1105,2024,4,2024-04-07,suzuka,False,0.8796296206120804,0.26980301309007954,0.6098266075220009,max-verstappen,1,0.414936567176187,66.0,1,False,Suzuka,japan,34.843056,136.540556,RACE
1106,2024,5,2024-04-21,shanghai,False,0.8480919213591556,0.24949912096563662,0.5985928003935189,max-verstappen,1,0.4282312518047277,322.0,1,False,Shanghai,china,31.338889,121.219722,RACE
1107,2024,6,2024-05-05,miami,False,2.6674863111475458,3.680111197517397,-1.012624886369851,max-verstappen,0,0.439404608361017,141.0,0,False,Miami,united-states-of-america,25.958056,-80.238889,STREET
1108,2024,7,2024-05-19,imola,False,0.8280072494252068,0.29188528797053204,0.5361219614546747,max-verstappen,1,0.43691909015069474,74.0,1,False,Enzo e Dino Ferrari,italy,44.341111,11.713333,RACE
1109,2024,8,2024-05-26,monaco,False,1.7817356683354628,0.4269382018177027,1.35479746651776,charles-leclerc,1,0.1683457012442996,154.0,1,False,Monaco,monaco,43.734722,7.420556,STREET
1110,2024,9,2024-06-09,montreal,False,1.1768037725964051,0.7735879670036017,0.40321580559280346,george-russell,0,0.026944623266956184,0.0,0,False,Gilles Villeneuve,canada,45.500578,-73.522461,STREET
1111,2024,10,2024-06-23,catalunya,False,1.0663955295435001,1.2324325674977634,-0.16603703795426328,lando-norris,0,0.20228475456202852,20.0,0,False,Catalunya,spain,41.57,2.261111,RACE
1112,2024,11,2024-06-30,spielberg,False,2.893652372855778,3.3351229964817217,-0.4414706236259436,max-verstappen,0,0.3434565155532566,404.0,0,False,Red Bull Ring,austria,47.219722,14.764722,RACE
1113,2024,12,2024-07-07,silverstone,False,2.3129646048094124,1.7067292946668458,0.6062353101425666,george-russell,0,0.08145527650734538,171.0,0,False,Silverstone,united-kingdom,52.078611,-1.016944,RACE
1114,2024,13,2024-07-21,hungaroring,False,2.5691659725119895,2.3365600266676583,0.23260594584433125,lando-norris,0,0.1764051923645706,22.0,0,False,Hungaroring,hungary,47.582222,19.251111,RACE
1115,2024,14,2024-07-28,spa-francorchamps,False,2.213769043491873,2.0734748523534674,0.14029419113840547,charles-leclerc,0,0.09378762415536701,595.0,0,False,Spa-Francorchamps,belgium,50.437222,5.971389,RACE
1116,2024,15,2024-08-25,zandvoort,False,1.6275769206441713,0.5993025404434141,1.0282743802007572,lando-norris,1,0.1964049026800078,356.0,1,False,Zandvoort,netherlands,52.388819,4.540922,RACE
1117,2024,16,2024-09-01,monza,False,2.3408212999784026,3.0252211482676072,-0.6843998482892046,lando-norris,0,0.2148354453284397,109.0,0,False,Monza,italy,45.620556,9.289444,RACE
1118,2024,17,2024-09-15,baku,False,2.1113551641949466,1.7455096232741134,0.3658455409208332,charles-leclerc,0,0.11467857175446283,321.0,0,False,Baku,azerbaijan,40.3725,49.853333,STREET
1119,2024,18,2024-09-22,marina-bay,False,1.3228109622515407,0.5205149484938307,0.80229601375771,lando-norris,1,0.2663854491137485,203.0,1,False,Marina Bay,singapore,1.291531,103.86385,STREET
1120,2024,19,2024-10-20,austin,False,2.295369960784401,3.102724946608621,-0.8073549858242202,lando-norris,0,0.2849481231537351,31.0,0,False,Americas,united-states-of-america,30.132778,-97.641111,RACE
1121,2024,20,2024-10-27,mexico-city,False,2.5667674943516428,1.0498041768992068,1.516963317452436,carlos-sainz-jr,1,0.07678334730150355,225.0,1,False,Hermanos Rodríguez,mexico,19.404197,-99.088747,RACE
1122,2024,21,2024-11-03,interlagos,False,1.8465537323063193,4.490471940023588,-2.643918207717269,lando-norris,0,0.28330139108005287,173.0,0,False,José Carlos Pace,brazil,-23.701111,-46.697222,RACE
1123,2024,22,2024-11-24,las-vegas,False,2.701840208669483,0.7370733453132006,1.9647668633562823,george-russell,1,0.06708195429409833,98.0,1,False,Las Vegas,united-states-of-america,36.175,-115.136389,STREET
1124,2024,23,2024-12-01,lusail,False,1.6679500774934861,1.1741694026638714,0.49378067482961474,george-russell,0,0.09040844959675183,55.0,1,False,Lusail,qatar,25.49,51.454167,RACE
1125,2024,24,2024-12-08,yas-marina,False,1.5399665381324368,0.4675208497306832,1.0724456884017535,lando-norris,1,0.2143882751390242,209.0,1,False,Yas Marina,united-arab-emirates,24.467222,54.603056,RACE
1126,2025,1,2025-03-16,melbourne,False,1.567388139119426,0.49017884846291165,1.0772092906565143,lando-norris,1,0.20858927767153446,84.0,1,False,Melbourne,australia,-37.849722,144.968333,STREET
1127,2025,2,2025-03-23,shanghai,False,1.8749777590601386,0.7788738759580088,1.09610388310213,oscar-piastri,1,0.15335837764145302,82.0,1,False,Shanghai,china,31.338889,121.219722,RACE
1128,2025,3,2025-04-06,suzuka,False,2.169456804198868,0.5436423605569751,1.625814443641893,max-verstappen,1,0.11423965456069574,12.0,1,False,Suzuka,japan,34.843056,136.540556,RACE
1129,2025,4,2025-04-13,bahrain,False,1.9819028751724483,0.731269667947049,1.2506332072253994,oscar-piastri,1,0.13780675859844913,168.0,1,False,Bahrain,bahrain,26.0325,50.510556,RACE
1130,2025,5,2025-04-20,jeddah,False,1.8434860411074194,1.9346023709507154,-0.09111632984329598,max-verstappen,0,0.11474416368913654,10.0,0,False,Jeddah,saudi-arabia,21.543333,39.172778,STREET
1131,2025,6,2025-05-04,miami,False,1.7365539893941693,2.927665170834806,-1.1911111814406368,max-verstappen,0,0.10108654413612447,65.0,0,False,Miami,united-states-of-america,25.958056,-80.238889,STREET
1132,2025,7,2025-05-18,imola,False,2.283579824100037,1.388549561070473,0.8950302630295641,oscar-piastri,0,0.19605900159214287,34.0,0,False,Enzo e Dino Ferrari,italy,44.341111,11.713333,RACE
1133,2025,8,2025-05-25,monaco,False,1.0652862963081557,0.42817639298536386,0.6371099033227918,lando-norris,1,0.34462917458164233,109.0,1,False,Monaco,monaco,43.734722,7.420556,STREET
1134,2025,9,2025-06-01,catalunya,False,1.5128846618054566,0.7164653235297643,0.7964193382756922,oscar-piastri,1,0.22027364562656043,209.0,1,False,Catalunya,spain,41.57,2.261111,RACE
1135,2025,10,2025-06-15,montreal,False,3.2411843403548057,0.9410756485215324,2.300108691833273,george-russell,1,0.039117539173585,160.0,1,False,Gilles Villeneuve,canada,45.500578,-73.522461,STREET
1136,2025,11,2025-06-29,spielberg,False,1.3127751449844562,0.5334937970929485,0.7792813478915077,lando-norris,1,0.26907230464814225,521.0,1,False,Red Bull Ring,austria,47.219722,14.764722,RACE
1137,2025,12,2025-07-06,silverstone,False,1.1818624449884594,1.937156569144864,-0.7552941241564046,max-verstappen,0,0.05281135851117363,103.0,0,False,Silverstone,united-kingdom,52.078611,-1.016944,RACE
1138,2025,13,2025-07-27,spa-francorchamps,False,1.21690355220711,1.6357308635750367,-0.4188273113679266,lando-norris,0,0.3576112957583383,85.0,0,False,Spa-Francorchamps,belgium,50.437222,5.971389,RACE
1139,2025,14,2025-08-03,hungaroring,False,1.011917890015059,1.838883351639,-0.826965461623941,charles-leclerc,0,0.12778096349304374,26.0,0,False,Hungaroring,hungary,47.582222,19.251111,RACE
1140,2025,15,2025-08-31,zandvoort,False,1.1159455315982485,0.5182804499659668,0.5976650816322817,oscar-piastri,1,0.32760537117870075,12.0,1,False,Zandvoort,netherlands,52.388819,4.540922,RACE
1141,2025,16,2025-09-07,monza,False,2.5434592144518313,0.632797076118707,1.9106621383331244,max-verstappen,1,0.07859405532129383,77.0,1,False,Monza,italy,45.620556,9.289444,RACE
1142,2025,17,2025-09-21,baku,False,2.45009539609341,0.23876050020345307,2.2113348958899572,max-verstappen,1,0.08628535482097334,478.0,1,False,Baku,azerbaijan,40.3725,49.853333,STREET
1143,2025,18,2025-10-05,marina-bay,False,2.2184410356328805,0.7066383200436069,1.5118027155892735,george-russell,1,0.10877855860432589,182.0,1,False,Marina Bay,singapore,1.291531,103.86385,STREET
1144,2025,19,2025-10-19,austin,False,1.7859401759969462,0.4369463869104086,1.3489937890865376,max-verstappen,1,0.16763937636834356,291.0,1,False,Americas,united-states-of-america,30.132778,-97.641111,RACE
1145,2025,20,2025-10-26,mexico-city,False,1.2931043580704886,0.4810084424643801,0.8120959156061085,lando-norris,1,0.27441756903886494,262.0,1,False,Hermanos Rodríguez,mexico,19.404197,-99.088747,RACE
1146,2025,21,2025-11-09,interlagos,False,1.2475492958056613,0.3201918132251983,0.927357482580463,lando-norris,1,0.28720779643771177,174.0,1,False,José Carlos Pace,brazil,-23.701111,-46.697222,RACE
1147,2025,22,2025-11-23,las-vegas,False,0.8672053130392385,0.3038590813456502,0.5633462316935883,,0,,323.0,0,False,Las Vegas,united-states-of-america,36.175,-115.136389,STREET
1148,2025,23,2025-11-30,lusail,False,1.662927668360664,1.7707995451671474,-0.10787187680648347,oscar-piastri,0,0.218723600835153,108.0,0,False,Lusail,qatar,25.49,51.454167,RACE
1149,2025,24,2025-12-07,yas-marina,False,1.5716262388621973,0.3985494090513475,1.1730768298108498,max-verstappen,1,0.20770712615095194,201.0,1,False,Yas Marina,united-arab-emirates,24.467222,54.603056,RACE
